/*
	Use this script to add some initial data to the simple site. The script uses Identity Insert, so it needs to
	be run before any other data is added.

	The data references images which can be found in "\InitData\Images" and needs to be copied to "\src\Cofoundry.Samples.SimpleSite\App_Data\Files\Images"
*/

/* ENTITY DEFINITIONS */

if (not exists (select * from Cofoundry.EntityDefinition where EntityDefinitionCode = 'COFCEV'))
	INSERT [Cofoundry].[EntityDefinition] ([EntityDefinitionCode], [Name]) VALUES (N'COFCEV', N'Custom Entity Version')
if (not exists (select * from Cofoundry.EntityDefinition where EntityDefinitionCode = 'COFCEB'))
	INSERT [Cofoundry].[EntityDefinition] ([EntityDefinitionCode], [Name]) VALUES (N'COFCEB', N'Custom Entity Version Page Block')
if (not exists (select * from Cofoundry.EntityDefinition where EntityDefinitionCode = 'COFDOC'))
	INSERT [Cofoundry].[EntityDefinition] ([EntityDefinitionCode], [Name]) VALUES (N'COFDOC', N'Document')
if (not exists (select * from Cofoundry.EntityDefinition where EntityDefinitionCode = 'COFIMG'))
	INSERT [Cofoundry].[EntityDefinition] ([EntityDefinitionCode], [Name]) VALUES (N'COFIMG', N'Image')
if (not exists (select * from Cofoundry.EntityDefinition where EntityDefinitionCode = 'COFPGE'))
	INSERT [Cofoundry].[EntityDefinition] ([EntityDefinitionCode], [Name]) VALUES (N'COFPGE', N'Page')
if (not exists (select * from Cofoundry.EntityDefinition where EntityDefinitionCode = 'COFPTL'))
	INSERT [Cofoundry].[EntityDefinition] ([EntityDefinitionCode], [Name]) VALUES (N'COFPTL', N'Page Template')
if (not exists (select * from Cofoundry.EntityDefinition where EntityDefinitionCode = 'COFPGB'))
	INSERT [Cofoundry].[EntityDefinition] ([EntityDefinitionCode], [Name]) VALUES (N'COFPGB', N'Page Version Block')

if (not exists (select * from Cofoundry.EntityDefinition where EntityDefinitionCode = 'COFRWR'))
	INSERT [Cofoundry].[EntityDefinition] ([EntityDefinitionCode], [Name]) VALUES (N'COFRWR', N'Rewrite Rule')
if (not exists (select * from Cofoundry.EntityDefinition where EntityDefinitionCode = 'COFROL'))
	INSERT [Cofoundry].[EntityDefinition] ([EntityDefinitionCode], [Name]) VALUES (N'COFCEV', N'Role')
if (not exists (select * from Cofoundry.EntityDefinition where EntityDefinitionCode = 'COFSET'))
	INSERT [Cofoundry].[EntityDefinition] ([EntityDefinitionCode], [Name]) VALUES (N'COFSET', N'Settings')
if (not exists (select * from Cofoundry.EntityDefinition where EntityDefinitionCode = 'COFUSR'))
	INSERT [Cofoundry].[EntityDefinition] ([EntityDefinitionCode], [Name]) VALUES (N'COFUSR', N'User (Cofoundry)')
if (not exists (select * from Cofoundry.EntityDefinition where EntityDefinitionCode = 'COFCUR'))
	INSERT [Cofoundry].[EntityDefinition] ([EntityDefinitionCode], [Name]) VALUES (N'COFCUR', N'User (Current)')
if (not exists (select * from Cofoundry.EntityDefinition where EntityDefinitionCode = 'COFUSN'))
	INSERT [Cofoundry].[EntityDefinition] ([EntityDefinitionCode], [Name]) VALUES (N'COFUSN', N'User (Non Cofoundry)')
if (not exists (select * from Cofoundry.EntityDefinition where EntityDefinitionCode = 'COFDIR'))
	INSERT [Cofoundry].[EntityDefinition] ([EntityDefinitionCode], [Name]) VALUES (N'COFDIR', N'Web Directory')

/* CUSTOM ENTITY DEFINITIONS */

if (not exists (select * from Cofoundry.EntityDefinition where EntityDefinitionCode = 'SIMBLP'))
	INSERT [Cofoundry].[EntityDefinition] ([EntityDefinitionCode], [Name]) VALUES (N'SIMBLP', N'Blog Post')
if (not exists (select * from Cofoundry.[CustomEntityDefinition] where [CustomEntityDefinitionCode] = 'SIMBLP'))
	INSERT [Cofoundry].[CustomEntityDefinition] ([CustomEntityDefinitionCode], [ForceUrlSlugUniqueness], [IsOrderable], [HasLocale]) VALUES (N'SIMBLP', 0, 0, 0)

if (not exists (select * from Cofoundry.EntityDefinition where EntityDefinitionCode = 'SIMCAT'))
	INSERT [Cofoundry].[EntityDefinition] ([EntityDefinitionCode], [Name]) VALUES (N'SIMCAT', N'Category')
if (not exists (select * from Cofoundry.[CustomEntityDefinition] where [CustomEntityDefinitionCode] = 'SIMCAT'))
	INSERT [Cofoundry].[CustomEntityDefinition] ([CustomEntityDefinitionCode], [ForceUrlSlugUniqueness], [IsOrderable], [HasLocale]) VALUES (N'SIMCAT', 1, 0, 0)
	
if (not exists (select * from Cofoundry.EntityDefinition where EntityDefinitionCode = 'SIMAUT'))
	INSERT [Cofoundry].[EntityDefinition] ([EntityDefinitionCode], [Name]) VALUES (N'SIMAUT', N'Author')
if (not exists (select * from Cofoundry.[CustomEntityDefinition] where [CustomEntityDefinitionCode] = 'SIMAUT'))
	INSERT [Cofoundry].[CustomEntityDefinition] ([CustomEntityDefinitionCode], [ForceUrlSlugUniqueness], [IsOrderable], [HasLocale]) VALUES (N'SIMAUT', 1, 0, 0)

go


/* IMAGES */

SET IDENTITY_INSERT [Cofoundry].[ImageAsset] ON 

GO
INSERT [Cofoundry].[ImageAsset] ([ImageAssetId], [FileName], [Title], [WidthInPixels], [HeightInPixels], [FileExtension], [FileSizeInBytes], [CreateDate], [CreatorId], [UpdateDate], [ImageCropAnchorLocationId], [UpdaterId], [FileUpdateDate], [FileNameOnDisk], [VerificationToken]) VALUES (1, N'blog-image', N'Blog image', 1663, 1124, N'jpg', 387442, CAST(N'2018-10-18 09:18:28' AS DateTime2), 1, CAST(N'2018-10-18 09:18:28' AS DateTime2), NULL, 1, CAST(N'2018-10-18 09:18:28' AS DateTime2), '1', '82AE1B')
INSERT [Cofoundry].[ImageAsset] ([ImageAssetId], [FileName], [Title], [WidthInPixels], [HeightInPixels], [FileExtension], [FileSizeInBytes], [CreateDate], [CreatorId], [UpdateDate], [ImageCropAnchorLocationId], [UpdaterId], [FileUpdateDate], [FileNameOnDisk], [VerificationToken]) VALUES (2, N'smoky-mountains-sunrise', N'Smoky Mountains Sunrise', 2000, 1500, N'jpg', 291964, CAST(N'2018-10-18 09:23:22' AS DateTime2), 1, CAST(N'2018-10-18 09:23:22' AS DateTime2), NULL, 1, CAST(N'2018-10-18 09:23:22' AS DateTime2), '2', '245F22')
INSERT [Cofoundry].[ImageAsset] ([ImageAssetId], [FileName], [Title], [WidthInPixels], [HeightInPixels], [FileExtension], [FileSizeInBytes], [CreateDate], [CreatorId], [UpdateDate], [ImageCropAnchorLocationId], [UpdaterId], [FileUpdateDate], [FileNameOnDisk], [VerificationToken]) VALUES (3, N'snow-landscape', N'Snow landscape', 1500, 2000, N'jpg', 752661, CAST(N'2018-10-18 09:23:42' AS DateTime2), 1, CAST(N'2018-10-18 09:23:42' AS DateTime2), NULL, 1, CAST(N'2018-10-18 09:23:42' AS DateTime2), '3', '0FD9BB')
INSERT [Cofoundry].[ImageAsset] ([ImageAssetId], [FileName], [Title], [WidthInPixels], [HeightInPixels], [FileExtension], [FileSizeInBytes], [CreateDate], [CreatorId], [UpdateDate], [ImageCropAnchorLocationId], [UpdaterId], [FileUpdateDate], [FileNameOnDisk], [VerificationToken]) VALUES (4, N'icy-mountain', N'Icy Mountain', 2189, 2918, N'jpg', 746557, CAST(N'2018-10-18 09:26:45' AS DateTime2), 1, CAST(N'2018-10-18 09:26:45' AS DateTime2), NULL, 1, CAST(N'2018-10-18 09:26:45' AS DateTime2), '4', '05C4FB')
INSERT [Cofoundry].[ImageAsset] ([ImageAssetId], [FileName], [Title], [WidthInPixels], [HeightInPixels], [FileExtension], [FileSizeInBytes], [CreateDate], [CreatorId], [UpdateDate], [ImageCropAnchorLocationId], [UpdaterId], [FileUpdateDate], [FileNameOnDisk], [VerificationToken]) VALUES (5, N'manny-profile', N'Manny Profile', 300, 300, N'jpg', 18985, CAST(N'2018-10-19 10:29:21' AS DateTime2), 1, CAST(N'2018-10-19 10:29:21' AS DateTime2), NULL, 1, CAST(N'2018-10-19 10:29:21' AS DateTime2), '5', '5AF06B')
GO
SET IDENTITY_INSERT [Cofoundry].[ImageAsset] OFF
GO


SET IDENTITY_INSERT [Cofoundry].[PageDirectory] ON 

GO

/* WEB DIRECTORY */

declare @RootPageDirectoryId int
select @RootPageDirectoryId = PageDirectoryId from Cofoundry.PageDirectory where UrlPath = ''

INSERT [Cofoundry].[PageDirectory] ([PageDirectoryId], [ParentPageDirectoryId], [Name], [UrlPath], [CreateDate], [CreatorId]) VALUES (2, @RootPageDirectoryId, N'Blog', N'blog', CAST(N'2018-10-11 16:37:14' AS DateTime2), 1)
GO
SET IDENTITY_INSERT [Cofoundry].[PageDirectory] OFF
GO

/* PAGE */

SET IDENTITY_INSERT [Cofoundry].[Page] ON 

GO
INSERT [Cofoundry].[Page] ([PageId], [PageDirectoryId], [LocaleId], [UrlPath], [PageTypeId], [CreateDate], [CreatorId], [CustomEntityDefinitionCode], PublishStatusCode, PublishDate) VALUES (1, 2, NULL, N'', 1, CAST(N'2018-10-11 16:35:25' AS DateTime2), 1, NULL, 'P', CAST(N'2018-10-11 16:35:25' AS DateTime2))
INSERT [Cofoundry].[Page] ([PageId], [PageDirectoryId], [LocaleId], [UrlPath], [PageTypeId], [CreateDate], [CreatorId], [CustomEntityDefinitionCode], PublishStatusCode, PublishDate) VALUES (2, 1, NULL, N'', 1, CAST(N'2018-10-11 16:39:21' AS DateTime2), 1, NULL, 'P', CAST(N'2018-10-11 16:39:21' AS DateTime2))
INSERT [Cofoundry].[Page] ([PageId], [PageDirectoryId], [LocaleId], [UrlPath], [PageTypeId], [CreateDate], [CreatorId], [CustomEntityDefinitionCode], PublishStatusCode, PublishDate) VALUES (3, 2, NULL, N'{Id}/{UrlSlug}', 2, CAST(N'2018-10-11 16:41:35' AS DateTime2), 1, N'SIMBLP', 'P', CAST(N'2018-10-11 16:41:35' AS DateTime2))
INSERT [Cofoundry].[Page] ([PageId], [PageDirectoryId], [LocaleId], [UrlPath], [PageTypeId], [CreateDate], [CreatorId], [CustomEntityDefinitionCode], PublishStatusCode, PublishDate) VALUES (4, 1, NULL, N'contact', 1, CAST(N'2018-10-18 16:56:38' AS DateTime2), 1, NULL, 'P', CAST(N'2018-10-18 16:56:38' AS DateTime2))
INSERT [Cofoundry].[Page] ([PageId], [PageDirectoryId], [LocaleId], [UrlPath], [PageTypeId], [CreateDate], [CreatorId], [CustomEntityDefinitionCode], PublishStatusCode, PublishDate) VALUES (5, 1, NULL, N'about', 1, CAST(N'2018-10-18 16:57:38' AS DateTime2), 1, NULL, 'P', CAST(N'2018-10-18 16:57:38' AS DateTime2))
GO
SET IDENTITY_INSERT [Cofoundry].[Page] OFF
GO

/* PAGE VERSION */

SET IDENTITY_INSERT [Cofoundry].[PageVersion] ON 

GO
declare @PageTemplateId int
select @PageTemplateId = PageTemplateId from Cofoundry.PageTemplate where [FileName] = 'BlogPostList'
INSERT [Cofoundry].[PageVersion] ([PageVersionId], [PageId], [PageTemplateId], [Title], [MetaDescription], [WorkFlowStatusId], [CreateDate], [CreatorId], [ExcludeFromSitemap], [OpenGraphTitle], [OpenGraphDescription], [OpenGraphImageId], DisplayVersion) VALUES (1, 1, @PageTemplateId, N'Blog', N'Somethign about Blog', 4, CAST(N'2018-10-11 16:35:25' AS DateTime2), 1, 0, NULL, NULL, NULL, 1)

select @PageTemplateId = PageTemplateId from Cofoundry.PageTemplate where [FileName] = 'Home'
INSERT [Cofoundry].[PageVersion] ([PageVersionId], [PageId], [PageTemplateId], [Title], [MetaDescription], [WorkFlowStatusId], [CreateDate], [CreatorId], [ExcludeFromSitemap], [OpenGraphTitle], [OpenGraphDescription], [OpenGraphImageId], DisplayVersion) VALUES (2, 2, @PageTemplateId, N'Home', N'Simple site homepage', 4, CAST(N'2018-10-11 16:39:21' AS DateTime2), 1, 0, NULL, NULL, NULL, 1)

select @PageTemplateId = PageTemplateId from Cofoundry.PageTemplate where [FileName] = 'BlogPostDetails'
INSERT [Cofoundry].[PageVersion] ([PageVersionId], [PageId], [PageTemplateId], [Title], [MetaDescription], [WorkFlowStatusId], [CreateDate], [CreatorId], [ExcludeFromSitemap], [OpenGraphTitle], [OpenGraphDescription], [OpenGraphImageId], DisplayVersion) VALUES (3, 3, @PageTemplateId, N'Blog Post', N'Blog post', 4, CAST(N'2018-10-11 16:41:35' AS DateTime2), 1, 0, NULL, NULL, NULL, 1)

select @PageTemplateId = PageTemplateId from Cofoundry.PageTemplate where [FileName] = 'Contact'
INSERT [Cofoundry].[PageVersion] ([PageVersionId], [PageId], [PageTemplateId], [Title], [MetaDescription], [WorkFlowStatusId], [CreateDate], [CreatorId], [ExcludeFromSitemap], [OpenGraphTitle], [OpenGraphDescription], [OpenGraphImageId], DisplayVersion) VALUES (4, 4, @PageTemplateId, N'Contact Us', N'Get in touch!', 4, CAST(N'2018-10-18 16:56:38' AS DateTime2), 1, 0, NULL, NULL, NULL, 1)

select @PageTemplateId = PageTemplateId from Cofoundry.PageTemplate where [FileName] = 'General'
INSERT [Cofoundry].[PageVersion] ([PageVersionId], [PageId], [PageTemplateId], [Title], [MetaDescription], [WorkFlowStatusId], [CreateDate], [CreatorId], [ExcludeFromSitemap], [OpenGraphTitle], [OpenGraphDescription], [OpenGraphImageId], DisplayVersion) VALUES (5, 5, @PageTemplateId, N'About Example Inc.', N'Find out what we''re all about', 4, CAST(N'2018-10-18 16:57:38' AS DateTime2), 1, 0, NULL, NULL, NULL, 1)

select @PageTemplateId = PageTemplateId from Cofoundry.PageTemplate where [FileName] = 'Home'
INSERT [Cofoundry].[PageVersion] ([PageVersionId], [PageId], [PageTemplateId], [Title], [MetaDescription], [WorkFlowStatusId], [CreateDate], [CreatorId], [ExcludeFromSitemap], [OpenGraphTitle], [OpenGraphDescription], [OpenGraphImageId], DisplayVersion) VALUES (6, 2, @PageTemplateId, N'Home', N'Simple site homepage', 4, CAST(N'2018-10-19 09:34:40' AS DateTime2), 1, 0, NULL, NULL, NULL, 2)

select @PageTemplateId = PageTemplateId from Cofoundry.PageTemplate where [FileName] = 'General'
INSERT [Cofoundry].[PageVersion] ([PageVersionId], [PageId], [PageTemplateId], [Title], [MetaDescription], [WorkFlowStatusId], [CreateDate], [CreatorId], [ExcludeFromSitemap], [OpenGraphTitle], [OpenGraphDescription], [OpenGraphImageId], DisplayVersion) VALUES (7, 5, @PageTemplateId, N'About Example Inc.', N'Find out what we''re all about', 4, CAST(N'2018-10-19 14:58:28' AS DateTime2), 1, 0, NULL, NULL, NULL, 2)

select @PageTemplateId = PageTemplateId from Cofoundry.PageTemplate where [FileName] = 'Contact'
INSERT [Cofoundry].[PageVersion] ([PageVersionId], [PageId], [PageTemplateId], [Title], [MetaDescription], [WorkFlowStatusId], [CreateDate], [CreatorId], [ExcludeFromSitemap], [OpenGraphTitle], [OpenGraphDescription], [OpenGraphImageId], DisplayVersion) VALUES (8, 4, @PageTemplateId, N'Contact Us', N'Get in touch!', 4, CAST(N'2018-10-19 15:43:29' AS DateTime2), 1, 0, NULL, NULL, NULL, 2)

GO
SET IDENTITY_INSERT [Cofoundry].[PageVersion] OFF
GO

/* PAGE VERSION BLOCK */

SET IDENTITY_INSERT [Cofoundry].[PageVersionBlock] ON 

GO
declare @PageBlockTypeId int
declare @PageTemplateRegionId int

select @PageBlockTypeId = PageBlockTypeId from Cofoundry.PageBlockType where [FileName] = 'PlainText'
select @PageTemplateRegionId = PageTemplateRegionId from Cofoundry.PageTemplateRegion s inner join Cofoundry.PageTemplate t on t.PageTemplateId = s.PageTemplateId where t.[FileName] = 'Home' and s.Name = 'Introduction Title'
INSERT [Cofoundry].[PageVersionBlock] ([PageVersionBlockId], [PageVersionId], [PageTemplateRegionId], [PageBlockTypeId], [SerializedData], [Ordering], [CreateDate], [CreatorId], [UpdateDate], [PageBlockTypeTemplateId]) VALUES (1, 6, @PageTemplateRegionId, @PageBlockTypeId, N'{"plainText":"Hello, world!"}', 1, CAST(N'2018-10-19 09:41:59' AS DateTime2), 1, CAST(N'2018-10-19 09:41:59' AS DateTime2), NULL)

select @PageBlockTypeId = PageBlockTypeId from Cofoundry.PageBlockType where [FileName] = 'RichTextWithMedia'
select @PageTemplateRegionId = PageTemplateRegionId from Cofoundry.PageTemplateRegion s inner join Cofoundry.PageTemplate t on t.PageTemplateId = s.PageTemplateId where t.[FileName] = 'Home' and s.Name = 'Introduction'
INSERT [Cofoundry].[PageVersionBlock] ([PageVersionBlockId], [PageVersionId], [PageTemplateRegionId], [PageBlockTypeId], [SerializedData], [Ordering], [CreateDate], [CreatorId], [UpdateDate], [PageBlockTypeTemplateId]) VALUES (2, 6, @PageTemplateRegionId, @PageBlockTypeId, N'{"rawHtml":"<p>Lorem ipsum dolor sit amet, consectetur adipiscing elit. Phasellus eu enim id odio pretium faucibus vel id risus. Duis auctor lobortis tortor quis vehicula. Maecenas consequat felis augue, vel bibendum velit vulputate ac. Donec laoreet nunc sed turpis iaculis rhoncus. Fusce sit amet tempor nisl, eu rhoncus dolor. Morbi vestibulum at arcu a accumsan. Praesent eget dui dictum, facilisis ante eu, sagittis purus. Donec sit amet euismod felis, ut vestibulum purus. Donec gravida scelerisque ex ac scelerisque. Phasellus sodales mauris nunc, quis tempor dui blandit vitae. Nullam ornare efficitur felis, eu tristique risus lacinia quis. Quisque tempor, magna id fringilla consectetur, nulla augue venenatis turpis, consequat congue justo eros semper turpis. Integer eget ipsum sollicitudin, vulputate risus a, laoreet lectus. Quisque ornare feugiat neque, id pellentesque sapien imperdiet vel.<br></p>"}', 1, CAST(N'2018-10-19 09:43:54' AS DateTime2), 1, CAST(N'2018-10-19 09:43:54' AS DateTime2), NULL)

select @PageBlockTypeId = PageBlockTypeId from Cofoundry.PageBlockType where [FileName] = 'ContentSection'
select @PageTemplateRegionId = PageTemplateRegionId from Cofoundry.PageTemplateRegion s inner join Cofoundry.PageTemplate t on t.PageTemplateId = s.PageTemplateId where t.[FileName] = 'General' and s.Name = 'Body'
INSERT [Cofoundry].[PageVersionBlock] ([PageVersionBlockId], [PageVersionId], [PageTemplateRegionId], [PageBlockTypeId], [SerializedData], [Ordering], [CreateDate], [CreatorId], [UpdateDate], [PageBlockTypeTemplateId]) VALUES (3, 7, @PageTemplateRegionId, @PageBlockTypeId, N'{"title":null,"htmlText":"<p>Lorem ipsum dolor sit amet, consectetur adipiscing elit. Phasellus eu enim id odio pretium faucibus vel id risus. Duis auctor lobortis tortor quis vehicula. Maecenas consequat felis augue, vel bibendum velit vulputate ac. Donec laoreet nunc sed turpis iaculis rhoncus. Fusce sit amet tempor nisl, eu rhoncus dolor. Morbi vestibulum at arcu a accumsan. Praesent eget dui dictum, facilisis ante eu, sagittis purus. Donec sit amet euismod felis, ut vestibulum purus. Donec gravida scelerisque ex ac scelerisque. Phasellus sodales mauris nunc, quis tempor dui blandit vitae. Nullam ornare efficitur felis, eu tristique risus lacinia quis. Quisque tempor, magna id fringilla consectetur, nulla augue venenatis turpis, consequat congue justo eros semper turpis. Integer eget ipsum sollicitudin, vulputate risus a, laoreet lectus. Quisque ornare feugiat neque, id pellentesque sapien imperdiet vel.<br></p>"}', 1, CAST(N'2018-10-19 15:10:24' AS DateTime2), 1, CAST(N'2018-10-19 15:10:24' AS DateTime2), NULL)

select @PageBlockTypeId = PageBlockTypeId from Cofoundry.PageBlockType where [FileName] = 'ContentSplitSection'
select @PageTemplateRegionId = PageTemplateRegionId from Cofoundry.PageTemplateRegion s inner join Cofoundry.PageTemplate t on t.PageTemplateId = s.PageTemplateId where t.[FileName] = 'General' and s.Name = 'Body'
INSERT [Cofoundry].[PageVersionBlock] ([PageVersionBlockId], [PageVersionId], [PageTemplateRegionId], [PageBlockTypeId], [SerializedData], [Ordering], [CreateDate], [CreatorId], [UpdateDate], [PageBlockTypeTemplateId]) VALUES (4, 7, @PageTemplateRegionId, @PageBlockTypeId, N'{"title":"Lorem ipsum dolor sit amet","htmlText":"<p>Lorem ipsum dolor sit amet, consectetur adipiscing elit. Phasellus eu enim id odio pretium faucibus vel id risus. Duis auctor lobortis tortor quis vehicula. Maecenas consequat felis augue, vel bibendum velit vulputate ac. Donec laoreet nunc sed turpis iaculis rhoncus. Fusce sit amet tempor nisl, eu rhoncus dolor. Morbi vestibulum at arcu a accumsan. Praesent eget dui dictum, facilisis ante eu, sagittis purus. Donec sit amet euismod felis, ut vestibulum purus. Donec gravida scelerisque ex ac scelerisque.<br></p><p>Vivamus id turpis et purus semper viverra id ut purus. Lorem ipsum dolor sit amet, consectetur adipiscing elit. Phasellus vulputate tincidunt ex, ac lobortis erat molestie a. Nulla facilisi. Donec egestas quis sem in bibendum. Curabitur pellentesque accumsan lorem, id ultrices orci scelerisque vitae. Praesent condimentum lorem sed sapien lobortis facilisis. Sed posuere purus quis augue varius commodo. Donec leo tellus, suscipit eu est efficitur, auctor dignissim dolor. Curabitur facilisis sollicitudin ultricies. Sed eget aliquet lorem. Aliquam erat volutpat. Morbi auctor, nulla eu efficitur pharetra, lorem leo lobortis turpis, in elementum enim nibh vel velit.<br></p>","imageAssetId":1}', 2, CAST(N'2018-10-19 15:11:07' AS DateTime2), 1, CAST(N'2018-10-19 15:11:07' AS DateTime2), NULL)

select @PageBlockTypeId = PageBlockTypeId from Cofoundry.PageBlockType where [FileName] = 'ContentSection'
select @PageTemplateRegionId = PageTemplateRegionId from Cofoundry.PageTemplateRegion s inner join Cofoundry.PageTemplate t on t.PageTemplateId = s.PageTemplateId where t.[FileName] = 'General' and s.Name = 'Body'
INSERT [Cofoundry].[PageVersionBlock] ([PageVersionBlockId], [PageVersionId], [PageTemplateRegionId], [PageBlockTypeId], [SerializedData], [Ordering], [CreateDate], [CreatorId], [UpdateDate], [PageBlockTypeTemplateId]) VALUES (5, 7, @PageTemplateRegionId, @PageBlockTypeId, N'{"title":"Curabitur facilisis","htmlText":"<p><span>Lorem ipsum dolor sit amet, consectetur adipiscing elit. Phasellus eu enim id odio pretium faucibus vel id risus. Duis auctor lobortis tortor quis vehicula. Maecenas consequat felis augue, vel bibendum velit vulputate ac. Donec laoreet nunc sed turpis iaculis rhoncus. Fusce sit amet tempor nisl, eu rhoncus dolor. Morbi vestibulum at arcu a accumsan. Praesent eget dui dictum, facilisis ante eu, sagittis purus. Donec sit amet euismod felis, ut vestibulum purus. Donec gravida scelerisque ex ac scelerisque.</span><br></p><p>Vivamus id turpis et purus semper viverra id ut purus. Lorem ipsum dolor sit amet, consectetur adipiscing elit. Phasellus vulputate tincidunt ex, ac lobortis erat molestie a. Nulla facilisi. Donec egestas quis sem in bibendum. Curabitur pellentesque accumsan lorem, id ultrices orci scelerisque vitae. Praesent condimentum lorem sed sapien lobortis facilisis. Sed posuere purus quis augue varius commodo. Donec leo tellus, suscipit eu est efficitur, auctor dignissim dolor. Curabitur facilisis sollicitudin ultricies. Sed eget aliquet lorem. Aliquam erat volutpat. Morbi auctor, nulla eu efficitur pharetra, lorem leo lobortis turpis, in elementum enim nibh vel velit.</p>"}', 3, CAST(N'2018-10-19 15:11:26' AS DateTime2), 1, CAST(N'2018-10-19 15:11:46' AS DateTime2), NULL)

select @PageBlockTypeId = PageBlockTypeId from Cofoundry.PageBlockType where [FileName] = 'PlainText'
select @PageTemplateRegionId = PageTemplateRegionId from Cofoundry.PageTemplateRegion s inner join Cofoundry.PageTemplate t on t.PageTemplateId = s.PageTemplateId where t.[FileName] = 'Contact' and s.Name = 'Introduction'
INSERT [Cofoundry].[PageVersionBlock] ([PageVersionBlockId], [PageVersionId], [PageTemplateRegionId], [PageBlockTypeId], [SerializedData], [Ordering], [CreateDate], [CreatorId], [UpdateDate], [PageBlockTypeTemplateId]) VALUES (6, 8, @PageTemplateRegionId, @PageBlockTypeId, N'{"plainText":"Lorem ipsum dolor sit amet, consectetur adipiscing elit. Phasellus eu enim id odio pretium faucibus vel id risus. Duis auctor lobortis tortor quis vehicula. Maecenas consequat felis augue, vel bibendum velit vulputate ac. Donec laoreet nunc sed turpis iaculis rhoncus."}', 1, CAST(N'2018-10-19 15:48:37' AS DateTime2), 1, CAST(N'2018-10-19 15:48:37' AS DateTime2), NULL)
GO
SET IDENTITY_INSERT [Cofoundry].[PageVersionBlock] OFF
GO

/* CUSTOM ENTITY */

SET IDENTITY_INSERT [Cofoundry].[CustomEntity] ON 

GO
INSERT [Cofoundry].[CustomEntity] ([CustomEntityId], [CustomEntityDefinitionCode], [LocaleId], [UrlSlug], [CreateDate], [CreatorId], [Ordering], PublishStatusCode, PublishDate) VALUES (1, N'SIMBLP', NULL, N'first-blog-post', CAST(N'2018-08-06 15:24:26' AS DateTime2), 1, NULL, 'P', CAST(N'2018-08-06 15:24:26' AS DateTime2))
INSERT [Cofoundry].[CustomEntity] ([CustomEntityId], [CustomEntityDefinitionCode], [LocaleId], [UrlSlug], [CreateDate], [CreatorId], [Ordering], PublishStatusCode, PublishDate) VALUES (2, N'SIMBLP', NULL, N'second-blog-post', CAST(N'2018-09-12 09:50:03' AS DateTime2), 1, NULL, 'P', CAST(N'2018-09-12 09:50:03' AS DateTime2))
INSERT [Cofoundry].[CustomEntity] ([CustomEntityId], [CustomEntityDefinitionCode], [LocaleId], [UrlSlug], [CreateDate], [CreatorId], [Ordering], PublishStatusCode, PublishDate) VALUES (3, N'SIMBLP', NULL, N'third-blog-post', CAST(N'2018-10-18 10:27:04' AS DateTime2), 1, NULL, 'P', CAST(N'2018-10-18 10:27:04' AS DateTime2))
INSERT [Cofoundry].[CustomEntity] ([CustomEntityId], [CustomEntityDefinitionCode], [LocaleId], [UrlSlug], [CreateDate], [CreatorId], [Ordering], PublishStatusCode, PublishDate) VALUES (4, N'SIMCAT', NULL, N'snow', CAST(N'2018-10-19 13:36:08' AS DateTime2), 1, NULL, 'P', CAST(N'2018-10-19 13:36:08' AS DateTime2))
INSERT [Cofoundry].[CustomEntity] ([CustomEntityId], [CustomEntityDefinitionCode], [LocaleId], [UrlSlug], [CreateDate], [CreatorId], [Ordering], PublishStatusCode, PublishDate) VALUES (5, N'SIMCAT', NULL, N'sun', CAST(N'2018-10-19 13:50:36' AS DateTime2), 1, NULL, 'P', CAST(N'2018-10-19 13:50:36' AS DateTime2))
INSERT [Cofoundry].[CustomEntity] ([CustomEntityId], [CustomEntityDefinitionCode], [LocaleId], [UrlSlug], [CreateDate], [CreatorId], [Ordering], PublishStatusCode, PublishDate) VALUES (6, N'SIMCAT', NULL, N'mountains', CAST(N'2018-10-19 13:51:00' AS DateTime2), 1, NULL, 'P', CAST(N'2018-10-19 13:51:00' AS DateTime2))
INSERT [Cofoundry].[CustomEntity] ([CustomEntityId], [CustomEntityDefinitionCode], [LocaleId], [UrlSlug], [CreateDate], [CreatorId], [Ordering], PublishStatusCode, PublishDate) VALUES (7, N'SIMAUT', NULL, N'manny', CAST(N'2018-10-19 13:51:00' AS DateTime2), 1, NULL, 'P', CAST(N'2018-10-19 12:47:00' AS DateTime2))
GO
SET IDENTITY_INSERT [Cofoundry].[CustomEntity] OFF
GO

/* CUSTOM ENTITY VERSION */

SET IDENTITY_INSERT [Cofoundry].[CustomEntityVersion] ON 

GO
INSERT [Cofoundry].[CustomEntityVersion] ([CustomEntityVersionId], [CustomEntityId], [Title], [WorkFlowStatusId], [SerializedData], [CreateDate], [CreatorId], DisplayVersion) VALUES (1, 1, N'First Blog Post', 4, N'{"shortDescription":"Aenean aliquet, leo sit amet facilisis accumsan, elit tortor dapibus ex, sit amet pellentesque nunc nulla at nulla. Phasellus ac velit non sem placerat mattis vel sit amet magna. Nullam at ipsum aliquam, lacinia elit venenatis, mollis dui.","thumbnailImageAssetId":3}', CAST(N'2018-08-06 15:24:26' AS DateTime2), 1, 1)
INSERT [Cofoundry].[CustomEntityVersion] ([CustomEntityVersionId], [CustomEntityId], [Title], [WorkFlowStatusId], [SerializedData], [CreateDate], [CreatorId], DisplayVersion) VALUES (2, 2, N'Second Blog Post', 4, N'{"shortDescription":"Aenean aliquet, leo sit amet facilisis accumsan, elit tortor dapibus ex, sit amet pellentesque nunc nulla at nulla. Phasellus ac velit non sem placerat mattis vel sit amet magna. Nullam at ipsum aliquam, lacinia elit venenatis, mollis dui.","thumbnailImageAssetId":1}', CAST(N'2018-09-12 09:50:03' AS DateTime2), 1, 1)
INSERT [Cofoundry].[CustomEntityVersion] ([CustomEntityVersionId], [CustomEntityId], [Title], [WorkFlowStatusId], [SerializedData], [CreateDate], [CreatorId], DisplayVersion) VALUES (3, 3, N'Third Blog Post', 4, N'{"shortDescription":"Aenean aliquet, leo sit amet facilisis accumsan, elit tortor dapibus ex, sit amet pellentesque nunc nulla at nulla. Phasellus ac velit non sem placerat mattis vel sit amet magna. Nullam at ipsum aliquam, lacinia elit venenatis, mollis dui.","thumbnailImageAssetId":4}', CAST(N'2018-10-18 10:27:04' AS DateTime2), 1, 1)
INSERT [Cofoundry].[CustomEntityVersion] ([CustomEntityVersionId], [CustomEntityId], [Title], [WorkFlowStatusId], [SerializedData], [CreateDate], [CreatorId], DisplayVersion) VALUES (4, 3, N'Third Blog Post', 4, N'{"shortDescription":"Aenean aliquet, leo sit amet facilisis accumsan, elit tortor dapibus ex, sit amet pellentesque nunc nulla at nulla. Phasellus ac velit non sem placerat mattis vel sit amet magna. Nullam at ipsum aliquam, lacinia elit venenatis, mollis dui.","thumbnailImageAssetId":4}', CAST(N'2018-10-19 11:18:49' AS DateTime2), 1, 2)
INSERT [Cofoundry].[CustomEntityVersion] ([CustomEntityVersionId], [CustomEntityId], [Title], [WorkFlowStatusId], [SerializedData], [CreateDate], [CreatorId], DisplayVersion) VALUES (5, 2, N'Second Blog Post', 4, N'{"shortDescription":"Aenean aliquet, leo sit amet facilisis accumsan, elit tortor dapibus ex, sit amet pellentesque nunc nulla at nulla. Phasellus ac velit non sem placerat mattis vel sit amet magna. Nullam at ipsum aliquam, lacinia elit venenatis, mollis dui.","thumbnailImageAssetId":1}', CAST(N'2018-09-12 13:55:04' AS DateTime2), 1, 2)
INSERT [Cofoundry].[CustomEntityVersion] ([CustomEntityVersionId], [CustomEntityId], [Title], [WorkFlowStatusId], [SerializedData], [CreateDate], [CreatorId], DisplayVersion) VALUES (6, 1, N'First Blog Post', 4, N'{"shortDescription":"Aenean aliquet, leo sit amet facilisis accumsan, elit tortor dapibus ex, sit amet pellentesque nunc nulla at nulla. Phasellus ac velit non sem placerat mattis vel sit amet magna. Nullam at ipsum aliquam, lacinia elit venenatis, mollis dui.","thumbnailImageAssetId":3}', CAST(N'2018-08-06 16:06:59' AS DateTime2), 1, 2)

INSERT [Cofoundry].[CustomEntityVersion] ([CustomEntityVersionId], [CustomEntityId], [Title], [WorkFlowStatusId], [SerializedData], [CreateDate], [CreatorId], DisplayVersion) VALUES (7, 4, N'News', 4, N'{"shortDescription":"Latest news and information"}', CAST(N'2018-10-19 13:36:08' AS DateTime2), 1, 1)
INSERT [Cofoundry].[CustomEntityVersion] ([CustomEntityVersionId], [CustomEntityId], [Title], [WorkFlowStatusId], [SerializedData], [CreateDate], [CreatorId], DisplayVersion) VALUES (8, 5, N'Feature', 4, N'{"shortDescription":"A feature article on a specific topic"}', CAST(N'2018-10-19 13:50:36' AS DateTime2), 1, 1)
INSERT [Cofoundry].[CustomEntityVersion] ([CustomEntityVersionId], [CustomEntityId], [Title], [WorkFlowStatusId], [SerializedData], [CreateDate], [CreatorId], DisplayVersion) VALUES (9, 6, N'Interviews', 4, N'{"shortDescription":"Interviews with key industry figures"}', CAST(N'2018-10-19 13:51:00' AS DateTime2), 1, 1)
INSERT [Cofoundry].[CustomEntityVersion] ([CustomEntityVersionId], [CustomEntityId], [Title], [WorkFlowStatusId], [SerializedData], [CreateDate], [CreatorId], DisplayVersion) VALUES (13, 5, N'Sun', 4, N'{"shortDescription":"Articles about sunny landscapes"}', CAST(N'2018-10-19 14:00:37' AS DateTime2), 1, 2)
INSERT [Cofoundry].[CustomEntityVersion] ([CustomEntityVersionId], [CustomEntityId], [Title], [WorkFlowStatusId], [SerializedData], [CreateDate], [CreatorId], DisplayVersion) VALUES (14, 6, N'Mountains', 4, N'{"shortDescription":"Articles about mountains"}', CAST(N'2018-10-19 14:00:51' AS DateTime2), 1, 2)
INSERT [Cofoundry].[CustomEntityVersion] ([CustomEntityVersionId], [CustomEntityId], [Title], [WorkFlowStatusId], [SerializedData], [CreateDate], [CreatorId], DisplayVersion) VALUES (15, 4, N'Snow', 4, N'{"shortDescription":"Articles about snowy things"}', CAST(N'2018-10-19 14:01:05' AS DateTime2), 1, 2)

INSERT [Cofoundry].[CustomEntityVersion] ([CustomEntityVersionId], [CustomEntityId], [Title], [WorkFlowStatusId], [SerializedData], [CreateDate], [CreatorId], DisplayVersion) VALUES (10, 1, N'First Blog Post', 4, N'{"shortDescription":"Aenean aliquet, leo sit amet facilisis accumsan, elit tortor dapibus ex, sit amet pellentesque nunc nulla at nulla. Phasellus ac velit non sem placerat mattis vel sit amet magna. Nullam at ipsum aliquam, lacinia elit venenatis, mollis dui.","thumbnailImageAssetId":3,"categoryIds":[5]}', CAST(N'2018-10-19 13:55:42' AS DateTime2), 1, 3)
INSERT [Cofoundry].[CustomEntityVersion] ([CustomEntityVersionId], [CustomEntityId], [Title], [WorkFlowStatusId], [SerializedData], [CreateDate], [CreatorId], DisplayVersion) VALUES (11, 2, N'Second Blog Post', 4, N'{"shortDescription":"Aenean aliquet, leo sit amet facilisis accumsan, elit tortor dapibus ex, sit amet pellentesque nunc nulla at nulla. Phasellus ac velit non sem placerat mattis vel sit amet magna. Nullam at ipsum aliquam, lacinia elit venenatis, mollis dui.","thumbnailImageAssetId":1,"categoryIds":[6,4]}', CAST(N'2018-10-19 13:56:30' AS DateTime2), 1, 3)
INSERT [Cofoundry].[CustomEntityVersion] ([CustomEntityVersionId], [CustomEntityId], [Title], [WorkFlowStatusId], [SerializedData], [CreateDate], [CreatorId], DisplayVersion) VALUES (12, 3, N'Third Blog Post', 4, N'{"shortDescription":"Aenean aliquet, leo sit amet facilisis accumsan, elit tortor dapibus ex, sit amet pellentesque nunc nulla at nulla. Phasellus ac velit non sem placerat mattis vel sit amet magna. Nullam at ipsum aliquam, lacinia elit venenatis, mollis dui.","thumbnailImageAssetId":4,"categoryIds":[4,5]}', CAST(N'2018-10-19 13:56:43' AS DateTime2), 1, 3)

INSERT [Cofoundry].[CustomEntityVersion] ([CustomEntityVersionId], [CustomEntityId], [Title], [WorkFlowStatusId], [SerializedData], [CreateDate], [CreatorId], DisplayVersion) VALUES (16, 1, N'First Blog Post', 4, N'{"shortDescription":"Aenean aliquet, leo sit amet facilisis accumsan, elit tortor dapibus ex, sit amet pellentesque nunc nulla at nulla. Phasellus ac velit non sem placerat mattis vel sit amet magna. Nullam at ipsum aliquam, lacinia elit venenatis, mollis dui.","thumbnailImageAssetId":3,"authorId":7,"categoryIds":[4,6]}', CAST(N'2018-10-19 14:01:30' AS DateTime2), 1, 4)
INSERT [Cofoundry].[CustomEntityVersion] ([CustomEntityVersionId], [CustomEntityId], [Title], [WorkFlowStatusId], [SerializedData], [CreateDate], [CreatorId], DisplayVersion) VALUES (17, 2, N'Second Blog Post', 4, N'{"shortDescription":"Aenean aliquet, leo sit amet facilisis accumsan, elit tortor dapibus ex, sit amet pellentesque nunc nulla at nulla. Phasellus ac velit non sem placerat mattis vel sit amet magna. Nullam at ipsum aliquam, lacinia elit venenatis, mollis dui.","thumbnailImageAssetId":1,"authorId":7,"categoryIds":[6]}', CAST(N'2018-10-19 14:01:45' AS DateTime2), 1, 4)
INSERT [Cofoundry].[CustomEntityVersion] ([CustomEntityVersionId], [CustomEntityId], [Title], [WorkFlowStatusId], [SerializedData], [CreateDate], [CreatorId], DisplayVersion) VALUES (18, 3, N'Third Blog Post', 4, N'{"shortDescription":"Aenean aliquet, leo sit amet facilisis accumsan, elit tortor dapibus ex, sit amet pellentesque nunc nulla at nulla. Phasellus ac velit non sem placerat mattis vel sit amet magna. Nullam at ipsum aliquam, lacinia elit venenatis, mollis dui.","thumbnailImageAssetId":4,"authorId":7,"categoryIds":[5,6]}', CAST(N'2018-10-19 14:01:56' AS DateTime2), 1, 4)

INSERT [Cofoundry].[CustomEntityVersion] ([CustomEntityVersionId], [CustomEntityId], [Title], [WorkFlowStatusId], [SerializedData], [CreateDate], [CreatorId], DisplayVersion) VALUES (19, 7, N'Manny', 4, N'{"profileImageAssetId":5,"biography":"Donec sit amet euismod felis, ut vestibulum purus. Donec gravida scelerisque ex ac scelerisque. Phasellus sodales mauris nunc, quis tempor dui blandit vitae. Nullam ornare efficitur felis, eu tristique risus lacinia quis. \n\nQuisque tempor, magna id fringilla consectetur, nulla augue venenatis turpis, consequat congue justo eros semper turpis."}', CAST(N'2018-10-19 18:14:09' AS DateTime2), 1, 1)

GO
SET IDENTITY_INSERT [Cofoundry].[CustomEntityVersion] OFF

/* CUSTOM ENTITY VERSION PAGE BLOCK */

SET IDENTITY_INSERT [Cofoundry].[CustomEntityVersionPageBlock] ON 

GO
declare @ContentPageBlockTypeId int
declare @SplitPageBlockTypeId int
declare @PageTemplateRegionId int
select @PageTemplateRegionId = PageTemplateRegionId from Cofoundry.PageTemplateRegion s inner join Cofoundry.PageTemplate t on t.PageTemplateId = s.PageTemplateId where t.[FileName] = 'BlogPostDetails' and s.Name = 'Body'

select @ContentPageBlockTypeId = PageBlockTypeId from Cofoundry.PageBlockType where [FileName] = 'ContentSection'
select @SplitPageBlockTypeId = PageBlockTypeId from Cofoundry.PageBlockType where [FileName] = 'ContentSplitSection'

INSERT [Cofoundry].[CustomEntityVersionPageBlock] ([CustomEntityVersionPageBlockId], [CustomEntityVersionId], [PageTemplateRegionId], [PageBlockTypeId], [SerializedData], [Ordering], [PageBlockTypeTemplateId], PageId) VALUES (1, 4, @PageTemplateRegionId, @ContentPageBlockTypeId, N'{"title":"What a blog post this is!","htmlText":"<p>Lorem ipsum dolor sit amet, consectetur adipiscing elit. Phasellus eu enim id odio pretium faucibus vel id risus. Duis auctor lobortis tortor quis vehicula. Maecenas consequat felis augue, vel bibendum velit vulputate ac. Donec laoreet nunc sed turpis iaculis rhoncus. Fusce sit amet tempor nisl, eu rhoncus dolor. Morbi vestibulum at arcu a accumsan. Praesent eget dui dictum, facilisis ante eu, sagittis purus. Donec sit amet euismod felis, ut vestibulum purus. Donec gravida scelerisque ex ac scelerisque. Phasellus sodales mauris nunc, quis tempor dui blandit vitae. Nullam ornare efficitur felis, eu tristique risus lacinia quis. Quisque tempor, magna id fringilla consectetur, nulla augue venenatis turpis, consequat congue justo eros semper turpis. Integer eget ipsum sollicitudin, vulputate risus a, laoreet lectus. Quisque ornare feugiat neque, id pellentesque sapien imperdiet vel.<br></p>"}', 1, NULL, 3)
INSERT [Cofoundry].[CustomEntityVersionPageBlock] ([CustomEntityVersionPageBlockId], [CustomEntityVersionId], [PageTemplateRegionId], [PageBlockTypeId], [SerializedData], [Ordering], [PageBlockTypeTemplateId], PageId) VALUES (2, 4, @PageTemplateRegionId, @SplitPageBlockTypeId, N'{"title":"Lorem ipsum dolor sit amet","htmlText":"<p>Lorem ipsum dolor sit amet, consectetur adipiscing elit. Phasellus eu enim id odio pretium faucibus vel id risus. Duis auctor lobortis tortor quis vehicula. Maecenas consequat felis augue, vel bibendum velit vulputate ac. Donec laoreet nunc sed turpis iaculis rhoncus. Fusce sit amet tempor nisl, eu rhoncus dolor. Morbi vestibulum at arcu a accumsan. Praesent eget dui dictum, facilisis ante eu, sagittis purus. Donec sit amet euismod felis, ut vestibulum purus. Donec gravida scelerisque ex ac scelerisque.<br></p><p>Vivamus id turpis et purus semper viverra id ut purus. Lorem ipsum dolor sit amet, consectetur adipiscing elit. Phasellus vulputate tincidunt ex, ac lobortis erat molestie a. Nulla facilisi. Donec egestas quis sem in bibendum. Curabitur pellentesque accumsan lorem, id ultrices orci scelerisque vitae. Praesent condimentum lorem sed sapien lobortis facilisis. Sed posuere purus quis augue varius commodo. Donec leo tellus, suscipit eu est efficitur, auctor dignissim dolor. Curabitur facilisis sollicitudin ultricies. Sed eget aliquet lorem. Aliquam erat volutpat. Morbi auctor, nulla eu efficitur pharetra, lorem leo lobortis turpis, in elementum enim nibh vel velit.<br></p>","imageAssetId":4}', 2, NULL, 3)
INSERT [Cofoundry].[CustomEntityVersionPageBlock] ([CustomEntityVersionPageBlockId], [CustomEntityVersionId], [PageTemplateRegionId], [PageBlockTypeId], [SerializedData], [Ordering], [PageBlockTypeTemplateId], PageId) VALUES (3, 4, @PageTemplateRegionId, @SplitPageBlockTypeId, N'{"title":"Lorem ipsum dolor sit amet","htmlText":"<p>Lorem ipsum dolor sit amet, consectetur adipiscing elit. Phasellus eu enim id odio pretium faucibus vel id risus. Duis auctor lobortis tortor quis vehicula. Maecenas consequat felis augue, vel bibendum velit vulputate ac. Donec laoreet nunc sed turpis iaculis rhoncus. Fusce sit amet tempor nisl, eu rhoncus dolor. Morbi vestibulum at arcu a accumsan. Praesent eget dui dictum, facilisis ante eu, sagittis purus. Donec sit amet euismod felis, ut vestibulum purus. Donec gravida scelerisque ex ac scelerisque.<br></p><p>Vivamus id turpis et purus semper viverra id ut purus. Lorem ipsum dolor sit amet, consectetur adipiscing elit. Phasellus vulputate tincidunt ex, ac lobortis erat molestie a. Nulla facilisi. Donec egestas quis sem in bibendum. Curabitur pellentesque accumsan lorem, id ultrices orci scelerisque vitae. Praesent condimentum lorem sed sapien lobortis facilisis. Sed posuere purus quis augue varius commodo. Donec leo tellus, suscipit eu est efficitur, auctor dignissim dolor. Curabitur facilisis sollicitudin ultricies. Sed eget aliquet lorem. Aliquam erat volutpat. Morbi auctor, nulla eu efficitur pharetra, lorem leo lobortis turpis, in elementum enim nibh vel velit.<br></p>","imageAssetId":3}', 3, 1, 3)
INSERT [Cofoundry].[CustomEntityVersionPageBlock] ([CustomEntityVersionPageBlockId], [CustomEntityVersionId], [PageTemplateRegionId], [PageBlockTypeId], [SerializedData], [Ordering], [PageBlockTypeTemplateId], PageId) VALUES (4, 5, @PageTemplateRegionId, @ContentPageBlockTypeId, N'{"title":null,"htmlText":"<p>Lorem ipsum dolor sit amet, consectetur adipiscing elit. Phasellus eu enim id odio pretium faucibus vel id risus. Duis auctor lobortis tortor quis vehicula. Maecenas consequat felis augue, vel bibendum velit vulputate ac. Donec laoreet nunc sed turpis iaculis rhoncus. Fusce sit amet tempor nisl, eu rhoncus dolor. Morbi vestibulum at arcu a accumsan. Praesent eget dui dictum, facilisis ante eu, sagittis purus. Donec sit amet euismod felis, ut vestibulum purus. Donec gravida scelerisque ex ac scelerisque. Phasellus sodales mauris nunc, quis tempor dui blandit vitae. Nullam ornare efficitur felis, eu tristique risus lacinia quis. Quisque tempor, magna id fringilla consectetur, nulla augue venenatis turpis, consequat congue justo eros semper turpis. Integer eget ipsum sollicitudin, vulputate risus a, laoreet lectus. Quisque ornare feugiat neque, id pellentesque sapien imperdiet vel.<br></p>"}', 1, NULL, 3)
INSERT [Cofoundry].[CustomEntityVersionPageBlock] ([CustomEntityVersionPageBlockId], [CustomEntityVersionId], [PageTemplateRegionId], [PageBlockTypeId], [SerializedData], [Ordering], [PageBlockTypeTemplateId], PageId) VALUES (5, 5, @PageTemplateRegionId, @SplitPageBlockTypeId, N'{"title":null,"htmlText":"<p>Lorem ipsum dolor sit amet, consectetur adipiscing elit. Phasellus eu enim id odio pretium faucibus vel id risus. Duis auctor lobortis tortor quis vehicula. Maecenas consequat felis augue, vel bibendum velit vulputate ac. Donec laoreet nunc sed turpis iaculis rhoncus. Fusce sit amet tempor nisl, eu rhoncus dolor. Morbi vestibulum at arcu a accumsan. Praesent eget dui dictum, facilisis ante eu, sagittis purus. Donec sit amet euismod felis, ut vestibulum purus. Donec gravida scelerisque ex ac scelerisque.<br></p><p>Vivamus id turpis et purus semper viverra id ut purus. Lorem ipsum dolor sit amet, consectetur adipiscing elit. Phasellus vulputate tincidunt ex, ac lobortis erat molestie a. Nulla facilisi. Donec egestas quis sem in bibendum. Curabitur pellentesque accumsan lorem, id ultrices orci scelerisque vitae. Praesent condimentum lorem sed sapien lobortis facilisis. Sed posuere purus quis augue varius commodo. Donec leo tellus, suscipit eu est efficitur, auctor dignissim dolor. Curabitur facilisis sollicitudin ultricies. Sed eget aliquet lorem. Aliquam erat volutpat. Morbi auctor, nulla eu efficitur pharetra, lorem leo lobortis turpis, in elementum enim nibh vel velit.<br></p>","imageAssetId":3}', 2, 1, 3)
INSERT [Cofoundry].[CustomEntityVersionPageBlock] ([CustomEntityVersionPageBlockId], [CustomEntityVersionId], [PageTemplateRegionId], [PageBlockTypeId], [SerializedData], [Ordering], [PageBlockTypeTemplateId], PageId) VALUES (6, 5, @PageTemplateRegionId, @SplitPageBlockTypeId, N'{"title":"Aliquam erat volutpat","htmlText":"<p>Vivamus id turpis et purus semper viverra id ut purus. Lorem ipsum dolor sit amet, consectetur adipiscing elit. Phasellus vulputate tincidunt ex, ac lobortis erat molestie a. Nulla facilisi. Donec egestas quis sem in bibendum. Curabitur pellentesque accumsan lorem, id ultrices orci scelerisque vitae. Praesent condimentum lorem sed sapien lobortis facilisis. Sed posuere purus quis augue varius commodo. Donec leo tellus, suscipit eu est efficitur, auctor dignissim dolor. Curabitur facilisis sollicitudin ultricies. Sed eget aliquet lorem. Aliquam erat volutpat. Morbi auctor, nulla eu efficitur pharetra, lorem leo lobortis turpis, in elementum enim nibh vel velit.<br></p>","imageAssetId":1}', 3, NULL, 3)
INSERT [Cofoundry].[CustomEntityVersionPageBlock] ([CustomEntityVersionPageBlockId], [CustomEntityVersionId], [PageTemplateRegionId], [PageBlockTypeId], [SerializedData], [Ordering], [PageBlockTypeTemplateId], PageId) VALUES (7, 6, @PageTemplateRegionId, @ContentPageBlockTypeId, N'{"title":"Integer eget ipsum sollicitudin","htmlText":"<p><br><!--StartFragment--><span style=\"float: none;\">Lorem ipsum dolor sit amet, consectetur adipiscing elit. Phasellus eu enim id odio pretium faucibus vel id risus. Duis auctor lobortis tortor quis vehicula. Maecenas consequat felis augue, vel bibendum velit vulputate ac. Donec laoreet nunc sed turpis iaculis rhoncus. Fusce sit amet tempor nisl, eu rhoncus dolor. Morbi vestibulum at arcu a accumsan. Praesent eget dui dictum, facilisis ante eu, sagittis purus. Donec sit amet euismod felis, ut vestibulum purus. Donec gravida scelerisque ex ac scelerisque. Phasellus sodales mauris nunc, quis tempor dui blandit vitae. Nullam ornare efficitur felis, eu tristique risus lacinia quis. Quisque tempor, magna id fringilla consectetur, nulla augue venenatis turpis, consequat congue justo eros semper turpis. Integer eget ipsum sollicitudin, vulputate risus a, laoreet lectus. Quisque ornare feugiat neque, id pellentesque sapien imperdiet vel.</span><!--EndFragment--><br><br><br></p>"}', 1, NULL, 3)
INSERT [Cofoundry].[CustomEntityVersionPageBlock] ([CustomEntityVersionPageBlockId], [CustomEntityVersionId], [PageTemplateRegionId], [PageBlockTypeId], [SerializedData], [Ordering], [PageBlockTypeTemplateId], PageId) VALUES (8, 6, @PageTemplateRegionId, @SplitPageBlockTypeId, N'{"title":"Id pellentesque sapien imperdiet vel","htmlText":"<p><span>Donec sit amet euismod felis, ut vestibulum purus. Donec gravida scelerisque ex ac scelerisque. Phasellus sodales mauris nunc, quis tempor dui blandit vitae. Nullam ornare efficitur felis, eu tristique risus lacinia quis. Quisque tempor, magna id fringilla consectetur, nulla augue venenatis turpis, consequat congue justo eros semper turpis. Integer eget ipsum sollicitudin, vulputate risus a, laoreet lectus. Quisque ornare feugiat neque, id pellentesque sapien imperdiet vel.</span></p>","imageAssetId":4}', 2, NULL, 3)
INSERT [Cofoundry].[CustomEntityVersionPageBlock] ([CustomEntityVersionPageBlockId], [CustomEntityVersionId], [PageTemplateRegionId], [PageBlockTypeId], [SerializedData], [Ordering], [PageBlockTypeTemplateId], PageId) VALUES (9, 6, @PageTemplateRegionId, @SplitPageBlockTypeId, N'{"title":"Fringilla consectetur","htmlText":"<p><span style=\"float: none;\">Lorem ipsum dolor sit amet, consectetur adipiscing elit. Phasellus eu enim id odio pretium faucibus vel id risus. Duis auctor lobortis tortor quis vehicula. Maecenas consequat felis augue, vel bibendum velit vulputate ac. Donec laoreet nunc sed turpis iaculis rhoncus. Fusce sit amet tempor nisl, eu rhoncus dolor. Morbi vestibulum at arcu a accumsan. Praesent eget dui dictum, facilisis ante eu, sagittis purus. Donec sit amet euismod felis, ut vestibulum purus. Donec gravida scelerisque ex ac scelerisque. Phasellus sodales mauris nunc, quis tempor dui blandit vitae. Nullam ornare efficitur felis, eu tristique risus lacinia quis.</span><br><br><span style=\"float: none;\">Quisque tempor, magna id fringilla consectetur, nulla augue venenatis turpis, consequat congue justo eros semper turpis. Integer eget ipsum sollicitudin, vulputate risus a, laoreet lectus. Quisque ornare feugiat neque, id pellentesque sapien imperdiet vel.</span><br><!--EndFragment--><br><br><br></p>","imageAssetId":2}', 3, 1, 3)
INSERT [Cofoundry].[CustomEntityVersionPageBlock] ([CustomEntityVersionPageBlockId], [CustomEntityVersionId], [PageTemplateRegionId], [PageBlockTypeId], [SerializedData], [Ordering], [PageBlockTypeTemplateId], PageId) VALUES (10, 10, @PageTemplateRegionId, @ContentPageBlockTypeId, N'{"title":"Integer eget ipsum sollicitudin","htmlText":"<p><br><!--StartFragment--><span style=\"float: none;\">Lorem ipsum dolor sit amet, consectetur adipiscing elit. Phasellus eu enim id odio pretium faucibus vel id risus. Duis auctor lobortis tortor quis vehicula. Maecenas consequat felis augue, vel bibendum velit vulputate ac. Donec laoreet nunc sed turpis iaculis rhoncus. Fusce sit amet tempor nisl, eu rhoncus dolor. Morbi vestibulum at arcu a accumsan. Praesent eget dui dictum, facilisis ante eu, sagittis purus. Donec sit amet euismod felis, ut vestibulum purus. Donec gravida scelerisque ex ac scelerisque. Phasellus sodales mauris nunc, quis tempor dui blandit vitae. Nullam ornare efficitur felis, eu tristique risus lacinia quis. Quisque tempor, magna id fringilla consectetur, nulla augue venenatis turpis, consequat congue justo eros semper turpis. Integer eget ipsum sollicitudin, vulputate risus a, laoreet lectus. Quisque ornare feugiat neque, id pellentesque sapien imperdiet vel.</span><!--EndFragment--><br><br><br></p>"}', 1, NULL, 3)
INSERT [Cofoundry].[CustomEntityVersionPageBlock] ([CustomEntityVersionPageBlockId], [CustomEntityVersionId], [PageTemplateRegionId], [PageBlockTypeId], [SerializedData], [Ordering], [PageBlockTypeTemplateId], PageId) VALUES (11, 10, @PageTemplateRegionId, @SplitPageBlockTypeId, N'{"title":"Id pellentesque sapien imperdiet vel","htmlText":"<p><span>Donec sit amet euismod felis, ut vestibulum purus. Donec gravida scelerisque ex ac scelerisque. Phasellus sodales mauris nunc, quis tempor dui blandit vitae. Nullam ornare efficitur felis, eu tristique risus lacinia quis. Quisque tempor, magna id fringilla consectetur, nulla augue venenatis turpis, consequat congue justo eros semper turpis. Integer eget ipsum sollicitudin, vulputate risus a, laoreet lectus. Quisque ornare feugiat neque, id pellentesque sapien imperdiet vel.</span></p>","imageAssetId":4}', 2, NULL, 3)
INSERT [Cofoundry].[CustomEntityVersionPageBlock] ([CustomEntityVersionPageBlockId], [CustomEntityVersionId], [PageTemplateRegionId], [PageBlockTypeId], [SerializedData], [Ordering], [PageBlockTypeTemplateId], PageId) VALUES (12, 10, @PageTemplateRegionId, @SplitPageBlockTypeId, N'{"title":"Fringilla consectetur","htmlText":"<p><span style=\"float: none;\">Lorem ipsum dolor sit amet, consectetur adipiscing elit. Phasellus eu enim id odio pretium faucibus vel id risus. Duis auctor lobortis tortor quis vehicula. Maecenas consequat felis augue, vel bibendum velit vulputate ac. Donec laoreet nunc sed turpis iaculis rhoncus. Fusce sit amet tempor nisl, eu rhoncus dolor. Morbi vestibulum at arcu a accumsan. Praesent eget dui dictum, facilisis ante eu, sagittis purus. Donec sit amet euismod felis, ut vestibulum purus. Donec gravida scelerisque ex ac scelerisque. Phasellus sodales mauris nunc, quis tempor dui blandit vitae. Nullam ornare efficitur felis, eu tristique risus lacinia quis.</span><br><br><span style=\"float: none;\">Quisque tempor, magna id fringilla consectetur, nulla augue venenatis turpis, consequat congue justo eros semper turpis. Integer eget ipsum sollicitudin, vulputate risus a, laoreet lectus. Quisque ornare feugiat neque, id pellentesque sapien imperdiet vel.</span><br><!--EndFragment--><br><br><br></p>","imageAssetId":2}', 3, 1, 3)
INSERT [Cofoundry].[CustomEntityVersionPageBlock] ([CustomEntityVersionPageBlockId], [CustomEntityVersionId], [PageTemplateRegionId], [PageBlockTypeId], [SerializedData], [Ordering], [PageBlockTypeTemplateId], PageId) VALUES (13, 11, @PageTemplateRegionId, @ContentPageBlockTypeId, N'{"title":null,"htmlText":"<p>Lorem ipsum dolor sit amet, consectetur adipiscing elit. Phasellus eu enim id odio pretium faucibus vel id risus. Duis auctor lobortis tortor quis vehicula. Maecenas consequat felis augue, vel bibendum velit vulputate ac. Donec laoreet nunc sed turpis iaculis rhoncus. Fusce sit amet tempor nisl, eu rhoncus dolor. Morbi vestibulum at arcu a accumsan. Praesent eget dui dictum, facilisis ante eu, sagittis purus. Donec sit amet euismod felis, ut vestibulum purus. Donec gravida scelerisque ex ac scelerisque. Phasellus sodales mauris nunc, quis tempor dui blandit vitae. Nullam ornare efficitur felis, eu tristique risus lacinia quis. Quisque tempor, magna id fringilla consectetur, nulla augue venenatis turpis, consequat congue justo eros semper turpis. Integer eget ipsum sollicitudin, vulputate risus a, laoreet lectus. Quisque ornare feugiat neque, id pellentesque sapien imperdiet vel.<br></p>"}', 1, NULL, 3)
INSERT [Cofoundry].[CustomEntityVersionPageBlock] ([CustomEntityVersionPageBlockId], [CustomEntityVersionId], [PageTemplateRegionId], [PageBlockTypeId], [SerializedData], [Ordering], [PageBlockTypeTemplateId], PageId) VALUES (14, 11, @PageTemplateRegionId, @SplitPageBlockTypeId, N'{"title":null,"htmlText":"<p>Lorem ipsum dolor sit amet, consectetur adipiscing elit. Phasellus eu enim id odio pretium faucibus vel id risus. Duis auctor lobortis tortor quis vehicula. Maecenas consequat felis augue, vel bibendum velit vulputate ac. Donec laoreet nunc sed turpis iaculis rhoncus. Fusce sit amet tempor nisl, eu rhoncus dolor. Morbi vestibulum at arcu a accumsan. Praesent eget dui dictum, facilisis ante eu, sagittis purus. Donec sit amet euismod felis, ut vestibulum purus. Donec gravida scelerisque ex ac scelerisque.<br></p><p>Vivamus id turpis et purus semper viverra id ut purus. Lorem ipsum dolor sit amet, consectetur adipiscing elit. Phasellus vulputate tincidunt ex, ac lobortis erat molestie a. Nulla facilisi. Donec egestas quis sem in bibendum. Curabitur pellentesque accumsan lorem, id ultrices orci scelerisque vitae. Praesent condimentum lorem sed sapien lobortis facilisis. Sed posuere purus quis augue varius commodo. Donec leo tellus, suscipit eu est efficitur, auctor dignissim dolor. Curabitur facilisis sollicitudin ultricies. Sed eget aliquet lorem. Aliquam erat volutpat. Morbi auctor, nulla eu efficitur pharetra, lorem leo lobortis turpis, in elementum enim nibh vel velit.<br></p>","imageAssetId":3}', 2, 1, 3)
INSERT [Cofoundry].[CustomEntityVersionPageBlock] ([CustomEntityVersionPageBlockId], [CustomEntityVersionId], [PageTemplateRegionId], [PageBlockTypeId], [SerializedData], [Ordering], [PageBlockTypeTemplateId], PageId) VALUES (15, 11, @PageTemplateRegionId, @SplitPageBlockTypeId, N'{"title":"Aliquam erat volutpat","htmlText":"<p>Vivamus id turpis et purus semper viverra id ut purus. Lorem ipsum dolor sit amet, consectetur adipiscing elit. Phasellus vulputate tincidunt ex, ac lobortis erat molestie a. Nulla facilisi. Donec egestas quis sem in bibendum. Curabitur pellentesque accumsan lorem, id ultrices orci scelerisque vitae. Praesent condimentum lorem sed sapien lobortis facilisis. Sed posuere purus quis augue varius commodo. Donec leo tellus, suscipit eu est efficitur, auctor dignissim dolor. Curabitur facilisis sollicitudin ultricies. Sed eget aliquet lorem. Aliquam erat volutpat. Morbi auctor, nulla eu efficitur pharetra, lorem leo lobortis turpis, in elementum enim nibh vel velit.<br></p>","imageAssetId":1}', 3, NULL, 3)
INSERT [Cofoundry].[CustomEntityVersionPageBlock] ([CustomEntityVersionPageBlockId], [CustomEntityVersionId], [PageTemplateRegionId], [PageBlockTypeId], [SerializedData], [Ordering], [PageBlockTypeTemplateId], PageId) VALUES (16, 12, @PageTemplateRegionId, @ContentPageBlockTypeId, N'{"title":"What a blog post this is!","htmlText":"<p>Lorem ipsum dolor sit amet, consectetur adipiscing elit. Phasellus eu enim id odio pretium faucibus vel id risus. Duis auctor lobortis tortor quis vehicula. Maecenas consequat felis augue, vel bibendum velit vulputate ac. Donec laoreet nunc sed turpis iaculis rhoncus. Fusce sit amet tempor nisl, eu rhoncus dolor. Morbi vestibulum at arcu a accumsan. Praesent eget dui dictum, facilisis ante eu, sagittis purus. Donec sit amet euismod felis, ut vestibulum purus. Donec gravida scelerisque ex ac scelerisque. Phasellus sodales mauris nunc, quis tempor dui blandit vitae. Nullam ornare efficitur felis, eu tristique risus lacinia quis. Quisque tempor, magna id fringilla consectetur, nulla augue venenatis turpis, consequat congue justo eros semper turpis. Integer eget ipsum sollicitudin, vulputate risus a, laoreet lectus. Quisque ornare feugiat neque, id pellentesque sapien imperdiet vel.<br></p>"}', 1, NULL, 3)
INSERT [Cofoundry].[CustomEntityVersionPageBlock] ([CustomEntityVersionPageBlockId], [CustomEntityVersionId], [PageTemplateRegionId], [PageBlockTypeId], [SerializedData], [Ordering], [PageBlockTypeTemplateId], PageId) VALUES (17, 12, @PageTemplateRegionId, @SplitPageBlockTypeId, N'{"title":"Lorem ipsum dolor sit amet","htmlText":"<p>Lorem ipsum dolor sit amet, consectetur adipiscing elit. Phasellus eu enim id odio pretium faucibus vel id risus. Duis auctor lobortis tortor quis vehicula. Maecenas consequat felis augue, vel bibendum velit vulputate ac. Donec laoreet nunc sed turpis iaculis rhoncus. Fusce sit amet tempor nisl, eu rhoncus dolor. Morbi vestibulum at arcu a accumsan. Praesent eget dui dictum, facilisis ante eu, sagittis purus. Donec sit amet euismod felis, ut vestibulum purus. Donec gravida scelerisque ex ac scelerisque.<br></p><p>Vivamus id turpis et purus semper viverra id ut purus. Lorem ipsum dolor sit amet, consectetur adipiscing elit. Phasellus vulputate tincidunt ex, ac lobortis erat molestie a. Nulla facilisi. Donec egestas quis sem in bibendum. Curabitur pellentesque accumsan lorem, id ultrices orci scelerisque vitae. Praesent condimentum lorem sed sapien lobortis facilisis. Sed posuere purus quis augue varius commodo. Donec leo tellus, suscipit eu est efficitur, auctor dignissim dolor. Curabitur facilisis sollicitudin ultricies. Sed eget aliquet lorem. Aliquam erat volutpat. Morbi auctor, nulla eu efficitur pharetra, lorem leo lobortis turpis, in elementum enim nibh vel velit.<br></p>","imageAssetId":4}', 2, NULL, 3)
INSERT [Cofoundry].[CustomEntityVersionPageBlock] ([CustomEntityVersionPageBlockId], [CustomEntityVersionId], [PageTemplateRegionId], [PageBlockTypeId], [SerializedData], [Ordering], [PageBlockTypeTemplateId], PageId) VALUES (18, 12, @PageTemplateRegionId, @SplitPageBlockTypeId, N'{"title":"Lorem ipsum dolor sit amet","htmlText":"<p>Lorem ipsum dolor sit amet, consectetur adipiscing elit. Phasellus eu enim id odio pretium faucibus vel id risus. Duis auctor lobortis tortor quis vehicula. Maecenas consequat felis augue, vel bibendum velit vulputate ac. Donec laoreet nunc sed turpis iaculis rhoncus. Fusce sit amet tempor nisl, eu rhoncus dolor. Morbi vestibulum at arcu a accumsan. Praesent eget dui dictum, facilisis ante eu, sagittis purus. Donec sit amet euismod felis, ut vestibulum purus. Donec gravida scelerisque ex ac scelerisque.<br></p><p>Vivamus id turpis et purus semper viverra id ut purus. Lorem ipsum dolor sit amet, consectetur adipiscing elit. Phasellus vulputate tincidunt ex, ac lobortis erat molestie a. Nulla facilisi. Donec egestas quis sem in bibendum. Curabitur pellentesque accumsan lorem, id ultrices orci scelerisque vitae. Praesent condimentum lorem sed sapien lobortis facilisis. Sed posuere purus quis augue varius commodo. Donec leo tellus, suscipit eu est efficitur, auctor dignissim dolor. Curabitur facilisis sollicitudin ultricies. Sed eget aliquet lorem. Aliquam erat volutpat. Morbi auctor, nulla eu efficitur pharetra, lorem leo lobortis turpis, in elementum enim nibh vel velit.<br></p>","imageAssetId":3}', 3, 1, 3)
INSERT [Cofoundry].[CustomEntityVersionPageBlock] ([CustomEntityVersionPageBlockId], [CustomEntityVersionId], [PageTemplateRegionId], [PageBlockTypeId], [SerializedData], [Ordering], [PageBlockTypeTemplateId], PageId) VALUES (19, 16, @PageTemplateRegionId, @ContentPageBlockTypeId, N'{"title":"Integer eget ipsum sollicitudin","htmlText":"<p><br><!--StartFragment--><span style=\"float: none;\">Lorem ipsum dolor sit amet, consectetur adipiscing elit. Phasellus eu enim id odio pretium faucibus vel id risus. Duis auctor lobortis tortor quis vehicula. Maecenas consequat felis augue, vel bibendum velit vulputate ac. Donec laoreet nunc sed turpis iaculis rhoncus. Fusce sit amet tempor nisl, eu rhoncus dolor. Morbi vestibulum at arcu a accumsan. Praesent eget dui dictum, facilisis ante eu, sagittis purus. Donec sit amet euismod felis, ut vestibulum purus. Donec gravida scelerisque ex ac scelerisque. Phasellus sodales mauris nunc, quis tempor dui blandit vitae. Nullam ornare efficitur felis, eu tristique risus lacinia quis. Quisque tempor, magna id fringilla consectetur, nulla augue venenatis turpis, consequat congue justo eros semper turpis. Integer eget ipsum sollicitudin, vulputate risus a, laoreet lectus. Quisque ornare feugiat neque, id pellentesque sapien imperdiet vel.</span><!--EndFragment--><br><br><br></p>"}', 1, NULL, 3)
INSERT [Cofoundry].[CustomEntityVersionPageBlock] ([CustomEntityVersionPageBlockId], [CustomEntityVersionId], [PageTemplateRegionId], [PageBlockTypeId], [SerializedData], [Ordering], [PageBlockTypeTemplateId], PageId) VALUES (20, 16, @PageTemplateRegionId, @SplitPageBlockTypeId, N'{"title":"Id pellentesque sapien imperdiet vel","htmlText":"<p><span>Donec sit amet euismod felis, ut vestibulum purus. Donec gravida scelerisque ex ac scelerisque. Phasellus sodales mauris nunc, quis tempor dui blandit vitae. Nullam ornare efficitur felis, eu tristique risus lacinia quis. Quisque tempor, magna id fringilla consectetur, nulla augue venenatis turpis, consequat congue justo eros semper turpis. Integer eget ipsum sollicitudin, vulputate risus a, laoreet lectus. Quisque ornare feugiat neque, id pellentesque sapien imperdiet vel.</span></p>","imageAssetId":4}', 2, NULL, 3)
INSERT [Cofoundry].[CustomEntityVersionPageBlock] ([CustomEntityVersionPageBlockId], [CustomEntityVersionId], [PageTemplateRegionId], [PageBlockTypeId], [SerializedData], [Ordering], [PageBlockTypeTemplateId], PageId) VALUES (21, 16, @PageTemplateRegionId, @SplitPageBlockTypeId, N'{"title":"Fringilla consectetur","htmlText":"<p><span style=\"float: none;\">Lorem ipsum dolor sit amet, consectetur adipiscing elit. Phasellus eu enim id odio pretium faucibus vel id risus. Duis auctor lobortis tortor quis vehicula. Maecenas consequat felis augue, vel bibendum velit vulputate ac. Donec laoreet nunc sed turpis iaculis rhoncus. Fusce sit amet tempor nisl, eu rhoncus dolor. Morbi vestibulum at arcu a accumsan. Praesent eget dui dictum, facilisis ante eu, sagittis purus. Donec sit amet euismod felis, ut vestibulum purus. Donec gravida scelerisque ex ac scelerisque. Phasellus sodales mauris nunc, quis tempor dui blandit vitae. Nullam ornare efficitur felis, eu tristique risus lacinia quis.</span><br><br><span style=\"float: none;\">Quisque tempor, magna id fringilla consectetur, nulla augue venenatis turpis, consequat congue justo eros semper turpis. Integer eget ipsum sollicitudin, vulputate risus a, laoreet lectus. Quisque ornare feugiat neque, id pellentesque sapien imperdiet vel.</span><br><!--EndFragment--><br><br><br></p>","imageAssetId":2}', 3, 1, 3)
INSERT [Cofoundry].[CustomEntityVersionPageBlock] ([CustomEntityVersionPageBlockId], [CustomEntityVersionId], [PageTemplateRegionId], [PageBlockTypeId], [SerializedData], [Ordering], [PageBlockTypeTemplateId], PageId) VALUES (22, 17, @PageTemplateRegionId, @ContentPageBlockTypeId, N'{"title":null,"htmlText":"<p>Lorem ipsum dolor sit amet, consectetur adipiscing elit. Phasellus eu enim id odio pretium faucibus vel id risus. Duis auctor lobortis tortor quis vehicula. Maecenas consequat felis augue, vel bibendum velit vulputate ac. Donec laoreet nunc sed turpis iaculis rhoncus. Fusce sit amet tempor nisl, eu rhoncus dolor. Morbi vestibulum at arcu a accumsan. Praesent eget dui dictum, facilisis ante eu, sagittis purus. Donec sit amet euismod felis, ut vestibulum purus. Donec gravida scelerisque ex ac scelerisque. Phasellus sodales mauris nunc, quis tempor dui blandit vitae. Nullam ornare efficitur felis, eu tristique risus lacinia quis. Quisque tempor, magna id fringilla consectetur, nulla augue venenatis turpis, consequat congue justo eros semper turpis. Integer eget ipsum sollicitudin, vulputate risus a, laoreet lectus. Quisque ornare feugiat neque, id pellentesque sapien imperdiet vel.<br></p>"}', 1, NULL, 3)
INSERT [Cofoundry].[CustomEntityVersionPageBlock] ([CustomEntityVersionPageBlockId], [CustomEntityVersionId], [PageTemplateRegionId], [PageBlockTypeId], [SerializedData], [Ordering], [PageBlockTypeTemplateId], PageId) VALUES (23, 17, @PageTemplateRegionId, @SplitPageBlockTypeId, N'{"title":null,"htmlText":"<p>Lorem ipsum dolor sit amet, consectetur adipiscing elit. Phasellus eu enim id odio pretium faucibus vel id risus. Duis auctor lobortis tortor quis vehicula. Maecenas consequat felis augue, vel bibendum velit vulputate ac. Donec laoreet nunc sed turpis iaculis rhoncus. Fusce sit amet tempor nisl, eu rhoncus dolor. Morbi vestibulum at arcu a accumsan. Praesent eget dui dictum, facilisis ante eu, sagittis purus. Donec sit amet euismod felis, ut vestibulum purus. Donec gravida scelerisque ex ac scelerisque.<br></p><p>Vivamus id turpis et purus semper viverra id ut purus. Lorem ipsum dolor sit amet, consectetur adipiscing elit. Phasellus vulputate tincidunt ex, ac lobortis erat molestie a. Nulla facilisi. Donec egestas quis sem in bibendum. Curabitur pellentesque accumsan lorem, id ultrices orci scelerisque vitae. Praesent condimentum lorem sed sapien lobortis facilisis. Sed posuere purus quis augue varius commodo. Donec leo tellus, suscipit eu est efficitur, auctor dignissim dolor. Curabitur facilisis sollicitudin ultricies. Sed eget aliquet lorem. Aliquam erat volutpat. Morbi auctor, nulla eu efficitur pharetra, lorem leo lobortis turpis, in elementum enim nibh vel velit.<br></p>","imageAssetId":3}', 2, 1, 3)
INSERT [Cofoundry].[CustomEntityVersionPageBlock] ([CustomEntityVersionPageBlockId], [CustomEntityVersionId], [PageTemplateRegionId], [PageBlockTypeId], [SerializedData], [Ordering], [PageBlockTypeTemplateId], PageId) VALUES (24, 17, @PageTemplateRegionId, @SplitPageBlockTypeId, N'{"title":"Aliquam erat volutpat","htmlText":"<p>Vivamus id turpis et purus semper viverra id ut purus. Lorem ipsum dolor sit amet, consectetur adipiscing elit. Phasellus vulputate tincidunt ex, ac lobortis erat molestie a. Nulla facilisi. Donec egestas quis sem in bibendum. Curabitur pellentesque accumsan lorem, id ultrices orci scelerisque vitae. Praesent condimentum lorem sed sapien lobortis facilisis. Sed posuere purus quis augue varius commodo. Donec leo tellus, suscipit eu est efficitur, auctor dignissim dolor. Curabitur facilisis sollicitudin ultricies. Sed eget aliquet lorem. Aliquam erat volutpat. Morbi auctor, nulla eu efficitur pharetra, lorem leo lobortis turpis, in elementum enim nibh vel velit.<br></p>","imageAssetId":1}', 3, NULL, 3)
INSERT [Cofoundry].[CustomEntityVersionPageBlock] ([CustomEntityVersionPageBlockId], [CustomEntityVersionId], [PageTemplateRegionId], [PageBlockTypeId], [SerializedData], [Ordering], [PageBlockTypeTemplateId], PageId) VALUES (25, 18, @PageTemplateRegionId, @ContentPageBlockTypeId, N'{"title":"What a blog post this is!","htmlText":"<p>Lorem ipsum dolor sit amet, consectetur adipiscing elit. Phasellus eu enim id odio pretium faucibus vel id risus. Duis auctor lobortis tortor quis vehicula. Maecenas consequat felis augue, vel bibendum velit vulputate ac. Donec laoreet nunc sed turpis iaculis rhoncus. Fusce sit amet tempor nisl, eu rhoncus dolor. Morbi vestibulum at arcu a accumsan. Praesent eget dui dictum, facilisis ante eu, sagittis purus. Donec sit amet euismod felis, ut vestibulum purus. Donec gravida scelerisque ex ac scelerisque. Phasellus sodales mauris nunc, quis tempor dui blandit vitae. Nullam ornare efficitur felis, eu tristique risus lacinia quis. Quisque tempor, magna id fringilla consectetur, nulla augue venenatis turpis, consequat congue justo eros semper turpis. Integer eget ipsum sollicitudin, vulputate risus a, laoreet lectus. Quisque ornare feugiat neque, id pellentesque sapien imperdiet vel.<br></p>"}', 1, NULL, 3)
INSERT [Cofoundry].[CustomEntityVersionPageBlock] ([CustomEntityVersionPageBlockId], [CustomEntityVersionId], [PageTemplateRegionId], [PageBlockTypeId], [SerializedData], [Ordering], [PageBlockTypeTemplateId], PageId) VALUES (26, 18, @PageTemplateRegionId, @SplitPageBlockTypeId, N'{"title":"Lorem ipsum dolor sit amet","htmlText":"<p>Lorem ipsum dolor sit amet, consectetur adipiscing elit. Phasellus eu enim id odio pretium faucibus vel id risus. Duis auctor lobortis tortor quis vehicula. Maecenas consequat felis augue, vel bibendum velit vulputate ac. Donec laoreet nunc sed turpis iaculis rhoncus. Fusce sit amet tempor nisl, eu rhoncus dolor. Morbi vestibulum at arcu a accumsan. Praesent eget dui dictum, facilisis ante eu, sagittis purus. Donec sit amet euismod felis, ut vestibulum purus. Donec gravida scelerisque ex ac scelerisque.<br></p><p>Vivamus id turpis et purus semper viverra id ut purus. Lorem ipsum dolor sit amet, consectetur adipiscing elit. Phasellus vulputate tincidunt ex, ac lobortis erat molestie a. Nulla facilisi. Donec egestas quis sem in bibendum. Curabitur pellentesque accumsan lorem, id ultrices orci scelerisque vitae. Praesent condimentum lorem sed sapien lobortis facilisis. Sed posuere purus quis augue varius commodo. Donec leo tellus, suscipit eu est efficitur, auctor dignissim dolor. Curabitur facilisis sollicitudin ultricies. Sed eget aliquet lorem. Aliquam erat volutpat. Morbi auctor, nulla eu efficitur pharetra, lorem leo lobortis turpis, in elementum enim nibh vel velit.<br></p>","imageAssetId":4}', 2, NULL, 3)
INSERT [Cofoundry].[CustomEntityVersionPageBlock] ([CustomEntityVersionPageBlockId], [CustomEntityVersionId], [PageTemplateRegionId], [PageBlockTypeId], [SerializedData], [Ordering], [PageBlockTypeTemplateId], PageId) VALUES (27, 18, @PageTemplateRegionId, @SplitPageBlockTypeId, N'{"title":"Lorem ipsum dolor sit amet","htmlText":"<p>Lorem ipsum dolor sit amet, consectetur adipiscing elit. Phasellus eu enim id odio pretium faucibus vel id risus. Duis auctor lobortis tortor quis vehicula. Maecenas consequat felis augue, vel bibendum velit vulputate ac. Donec laoreet nunc sed turpis iaculis rhoncus. Fusce sit amet tempor nisl, eu rhoncus dolor. Morbi vestibulum at arcu a accumsan. Praesent eget dui dictum, facilisis ante eu, sagittis purus. Donec sit amet euismod felis, ut vestibulum purus. Donec gravida scelerisque ex ac scelerisque.<br></p><p>Vivamus id turpis et purus semper viverra id ut purus. Lorem ipsum dolor sit amet, consectetur adipiscing elit. Phasellus vulputate tincidunt ex, ac lobortis erat molestie a. Nulla facilisi. Donec egestas quis sem in bibendum. Curabitur pellentesque accumsan lorem, id ultrices orci scelerisque vitae. Praesent condimentum lorem sed sapien lobortis facilisis. Sed posuere purus quis augue varius commodo. Donec leo tellus, suscipit eu est efficitur, auctor dignissim dolor. Curabitur facilisis sollicitudin ultricies. Sed eget aliquet lorem. Aliquam erat volutpat. Morbi auctor, nulla eu efficitur pharetra, lorem leo lobortis turpis, in elementum enim nibh vel velit.<br></p>","imageAssetId":3}', 3, 1, 3)

GO
SET IDENTITY_INSERT [Cofoundry].[CustomEntityVersionPageBlock] OFF

/* UNSTRUCTURED DATA DEPENDENCY */

GO
INSERT [Cofoundry].[UnstructuredDataDependency] ([RootEntityDefinitionCode], [RootEntityId], [RelatedEntityDefinitionCode], [RelatedEntityId], [RelatedEntityCascadeActionId]) VALUES (N'COFCEB', 2, N'COFIMG', 4, 1)
INSERT [Cofoundry].[UnstructuredDataDependency] ([RootEntityDefinitionCode], [RootEntityId], [RelatedEntityDefinitionCode], [RelatedEntityId], [RelatedEntityCascadeActionId]) VALUES (N'COFCEB', 3, N'COFIMG', 3, 1)
INSERT [Cofoundry].[UnstructuredDataDependency] ([RootEntityDefinitionCode], [RootEntityId], [RelatedEntityDefinitionCode], [RelatedEntityId], [RelatedEntityCascadeActionId]) VALUES (N'COFCEB', 5, N'COFIMG', 3, 1)
INSERT [Cofoundry].[UnstructuredDataDependency] ([RootEntityDefinitionCode], [RootEntityId], [RelatedEntityDefinitionCode], [RelatedEntityId], [RelatedEntityCascadeActionId]) VALUES (N'COFCEB', 6, N'COFIMG', 1, 1)
INSERT [Cofoundry].[UnstructuredDataDependency] ([RootEntityDefinitionCode], [RootEntityId], [RelatedEntityDefinitionCode], [RelatedEntityId], [RelatedEntityCascadeActionId]) VALUES (N'COFCEB', 8, N'COFIMG', 4, 1)
INSERT [Cofoundry].[UnstructuredDataDependency] ([RootEntityDefinitionCode], [RootEntityId], [RelatedEntityDefinitionCode], [RelatedEntityId], [RelatedEntityCascadeActionId]) VALUES (N'COFCEB', 9, N'COFIMG', 2, 1)
INSERT [Cofoundry].[UnstructuredDataDependency] ([RootEntityDefinitionCode], [RootEntityId], [RelatedEntityDefinitionCode], [RelatedEntityId], [RelatedEntityCascadeActionId]) VALUES (N'COFCEB', 11, N'COFIMG', 4, 1)
INSERT [Cofoundry].[UnstructuredDataDependency] ([RootEntityDefinitionCode], [RootEntityId], [RelatedEntityDefinitionCode], [RelatedEntityId], [RelatedEntityCascadeActionId]) VALUES (N'COFCEB', 12, N'COFIMG', 2, 1)
INSERT [Cofoundry].[UnstructuredDataDependency] ([RootEntityDefinitionCode], [RootEntityId], [RelatedEntityDefinitionCode], [RelatedEntityId], [RelatedEntityCascadeActionId]) VALUES (N'COFCEB', 14, N'COFIMG', 3, 1)
INSERT [Cofoundry].[UnstructuredDataDependency] ([RootEntityDefinitionCode], [RootEntityId], [RelatedEntityDefinitionCode], [RelatedEntityId], [RelatedEntityCascadeActionId]) VALUES (N'COFCEB', 15, N'COFIMG', 1, 1)
INSERT [Cofoundry].[UnstructuredDataDependency] ([RootEntityDefinitionCode], [RootEntityId], [RelatedEntityDefinitionCode], [RelatedEntityId], [RelatedEntityCascadeActionId]) VALUES (N'COFCEB', 17, N'COFIMG', 4, 1)
INSERT [Cofoundry].[UnstructuredDataDependency] ([RootEntityDefinitionCode], [RootEntityId], [RelatedEntityDefinitionCode], [RelatedEntityId], [RelatedEntityCascadeActionId]) VALUES (N'COFCEB', 18, N'COFIMG', 3, 1)
INSERT [Cofoundry].[UnstructuredDataDependency] ([RootEntityDefinitionCode], [RootEntityId], [RelatedEntityDefinitionCode], [RelatedEntityId], [RelatedEntityCascadeActionId]) VALUES (N'COFCEB', 20, N'COFIMG', 4, 1)
INSERT [Cofoundry].[UnstructuredDataDependency] ([RootEntityDefinitionCode], [RootEntityId], [RelatedEntityDefinitionCode], [RelatedEntityId], [RelatedEntityCascadeActionId]) VALUES (N'COFCEB', 21, N'COFIMG', 2, 1)
INSERT [Cofoundry].[UnstructuredDataDependency] ([RootEntityDefinitionCode], [RootEntityId], [RelatedEntityDefinitionCode], [RelatedEntityId], [RelatedEntityCascadeActionId]) VALUES (N'COFCEB', 23, N'COFIMG', 3, 1)
INSERT [Cofoundry].[UnstructuredDataDependency] ([RootEntityDefinitionCode], [RootEntityId], [RelatedEntityDefinitionCode], [RelatedEntityId], [RelatedEntityCascadeActionId]) VALUES (N'COFCEB', 24, N'COFIMG', 1, 1)
INSERT [Cofoundry].[UnstructuredDataDependency] ([RootEntityDefinitionCode], [RootEntityId], [RelatedEntityDefinitionCode], [RelatedEntityId], [RelatedEntityCascadeActionId]) VALUES (N'COFCEB', 26, N'COFIMG', 4, 1)
INSERT [Cofoundry].[UnstructuredDataDependency] ([RootEntityDefinitionCode], [RootEntityId], [RelatedEntityDefinitionCode], [RelatedEntityId], [RelatedEntityCascadeActionId]) VALUES (N'COFCEB', 27, N'COFIMG', 3, 1)
INSERT [Cofoundry].[UnstructuredDataDependency] ([RootEntityDefinitionCode], [RootEntityId], [RelatedEntityDefinitionCode], [RelatedEntityId], [RelatedEntityCascadeActionId]) VALUES (N'COFCEV', 1, N'COFIMG', 3, 1)
INSERT [Cofoundry].[UnstructuredDataDependency] ([RootEntityDefinitionCode], [RootEntityId], [RelatedEntityDefinitionCode], [RelatedEntityId], [RelatedEntityCascadeActionId]) VALUES (N'COFCEV', 2, N'COFIMG', 1, 1)
INSERT [Cofoundry].[UnstructuredDataDependency] ([RootEntityDefinitionCode], [RootEntityId], [RelatedEntityDefinitionCode], [RelatedEntityId], [RelatedEntityCascadeActionId]) VALUES (N'COFCEV', 3, N'COFIMG', 4, 1)
INSERT [Cofoundry].[UnstructuredDataDependency] ([RootEntityDefinitionCode], [RootEntityId], [RelatedEntityDefinitionCode], [RelatedEntityId], [RelatedEntityCascadeActionId]) VALUES (N'COFCEV', 4, N'COFIMG', 4, 1)
INSERT [Cofoundry].[UnstructuredDataDependency] ([RootEntityDefinitionCode], [RootEntityId], [RelatedEntityDefinitionCode], [RelatedEntityId], [RelatedEntityCascadeActionId]) VALUES (N'COFCEV', 5, N'COFIMG', 1, 1)
INSERT [Cofoundry].[UnstructuredDataDependency] ([RootEntityDefinitionCode], [RootEntityId], [RelatedEntityDefinitionCode], [RelatedEntityId], [RelatedEntityCascadeActionId]) VALUES (N'COFCEV', 6, N'COFIMG', 3, 1)
INSERT [Cofoundry].[UnstructuredDataDependency] ([RootEntityDefinitionCode], [RootEntityId], [RelatedEntityDefinitionCode], [RelatedEntityId], [RelatedEntityCascadeActionId]) VALUES (N'COFCEV', 10, N'COFIMG', 3, 1)
INSERT [Cofoundry].[UnstructuredDataDependency] ([RootEntityDefinitionCode], [RootEntityId], [RelatedEntityDefinitionCode], [RelatedEntityId], [RelatedEntityCascadeActionId]) VALUES (N'COFCEV', 10, N'SIMCAT', 5, 2)
INSERT [Cofoundry].[UnstructuredDataDependency] ([RootEntityDefinitionCode], [RootEntityId], [RelatedEntityDefinitionCode], [RelatedEntityId], [RelatedEntityCascadeActionId]) VALUES (N'COFCEV', 11, N'COFIMG', 1, 1)
INSERT [Cofoundry].[UnstructuredDataDependency] ([RootEntityDefinitionCode], [RootEntityId], [RelatedEntityDefinitionCode], [RelatedEntityId], [RelatedEntityCascadeActionId]) VALUES (N'COFCEV', 11, N'SIMCAT', 4, 2)
INSERT [Cofoundry].[UnstructuredDataDependency] ([RootEntityDefinitionCode], [RootEntityId], [RelatedEntityDefinitionCode], [RelatedEntityId], [RelatedEntityCascadeActionId]) VALUES (N'COFCEV', 11, N'SIMCAT', 6, 2)
INSERT [Cofoundry].[UnstructuredDataDependency] ([RootEntityDefinitionCode], [RootEntityId], [RelatedEntityDefinitionCode], [RelatedEntityId], [RelatedEntityCascadeActionId]) VALUES (N'COFCEV', 12, N'COFIMG', 4, 1)
INSERT [Cofoundry].[UnstructuredDataDependency] ([RootEntityDefinitionCode], [RootEntityId], [RelatedEntityDefinitionCode], [RelatedEntityId], [RelatedEntityCascadeActionId]) VALUES (N'COFCEV', 12, N'SIMCAT', 4, 2)
INSERT [Cofoundry].[UnstructuredDataDependency] ([RootEntityDefinitionCode], [RootEntityId], [RelatedEntityDefinitionCode], [RelatedEntityId], [RelatedEntityCascadeActionId]) VALUES (N'COFCEV', 12, N'SIMCAT', 5, 2)
INSERT [Cofoundry].[UnstructuredDataDependency] ([RootEntityDefinitionCode], [RootEntityId], [RelatedEntityDefinitionCode], [RelatedEntityId], [RelatedEntityCascadeActionId]) VALUES (N'COFCEV', 16, N'COFIMG', 3, 1)
INSERT [Cofoundry].[UnstructuredDataDependency] ([RootEntityDefinitionCode], [RootEntityId], [RelatedEntityDefinitionCode], [RelatedEntityId], [RelatedEntityCascadeActionId]) VALUES (N'COFCEV', 16, N'SIMCAT', 4, 2)
INSERT [Cofoundry].[UnstructuredDataDependency] ([RootEntityDefinitionCode], [RootEntityId], [RelatedEntityDefinitionCode], [RelatedEntityId], [RelatedEntityCascadeActionId]) VALUES (N'COFCEV', 16, N'SIMCAT', 6, 2)
INSERT [Cofoundry].[UnstructuredDataDependency] ([RootEntityDefinitionCode], [RootEntityId], [RelatedEntityDefinitionCode], [RelatedEntityId], [RelatedEntityCascadeActionId]) VALUES (N'COFCEV', 17, N'COFIMG', 1, 1)
INSERT [Cofoundry].[UnstructuredDataDependency] ([RootEntityDefinitionCode], [RootEntityId], [RelatedEntityDefinitionCode], [RelatedEntityId], [RelatedEntityCascadeActionId]) VALUES (N'COFCEV', 17, N'SIMCAT', 6, 2)
INSERT [Cofoundry].[UnstructuredDataDependency] ([RootEntityDefinitionCode], [RootEntityId], [RelatedEntityDefinitionCode], [RelatedEntityId], [RelatedEntityCascadeActionId]) VALUES (N'COFCEV', 18, N'COFIMG', 4, 1)
INSERT [Cofoundry].[UnstructuredDataDependency] ([RootEntityDefinitionCode], [RootEntityId], [RelatedEntityDefinitionCode], [RelatedEntityId], [RelatedEntityCascadeActionId]) VALUES (N'COFCEV', 18, N'SIMCAT', 5, 2)
INSERT [Cofoundry].[UnstructuredDataDependency] ([RootEntityDefinitionCode], [RootEntityId], [RelatedEntityDefinitionCode], [RelatedEntityId], [RelatedEntityCascadeActionId]) VALUES (N'COFCEV', 18, N'SIMCAT', 6, 2)
INSERT [Cofoundry].[UnstructuredDataDependency] ([RootEntityDefinitionCode], [RootEntityId], [RelatedEntityDefinitionCode], [RelatedEntityId], [RelatedEntityCascadeActionId]) VALUES (N'COFPGB', 4, N'COFIMG', 1, 1)
GO

/* TAG */

SET IDENTITY_INSERT [Cofoundry].[Tag] ON 

GO
INSERT [Cofoundry].[Tag] ([TagId], [TagText], [CreateDate]) VALUES (1, N'Blog', CAST(N'2018-10-18 09:18:28' AS DateTime2))
INSERT [Cofoundry].[Tag] ([TagId], [TagText], [CreateDate]) VALUES (2, N'Blogimage', CAST(N'2018-10-18 09:18:28' AS DateTime2))
INSERT [Cofoundry].[Tag] ([TagId], [TagText], [CreateDate]) VALUES (3, N'Mountain Sunrise', CAST(N'2018-10-18 09:23:22' AS DateTime2))
INSERT [Cofoundry].[Tag] ([TagId], [TagText], [CreateDate]) VALUES (4, N'Snow Landscape', CAST(N'2018-10-18 09:23:42' AS DateTime2))
INSERT [Cofoundry].[Tag] ([TagId], [TagText], [CreateDate]) VALUES (5, N'Mountains', CAST(N'2018-10-18 09:23:42' AS DateTime2))
INSERT [Cofoundry].[Tag] ([TagId], [TagText], [CreateDate]) VALUES (6, N'Sunset', CAST(N'2018-10-18 09:26:45' AS DateTime2))
INSERT [Cofoundry].[Tag] ([TagId], [TagText], [CreateDate]) VALUES (7, N'Profile', CAST(N'2018-10-19 09:44:39' AS DateTime2))
GO
SET IDENTITY_INSERT [Cofoundry].[Tag] OFF

/* IMAGE TAG */

GO
INSERT [Cofoundry].[ImageAssetTag] ([ImageAssetId], [TagId], [CreateDate], [CreatorId]) VALUES (1, 1, CAST(N'2018-10-18 09:18:28' AS DateTime2), 1)
INSERT [Cofoundry].[ImageAssetTag] ([ImageAssetId], [TagId], [CreateDate], [CreatorId]) VALUES (1, 2, CAST(N'2018-10-18 09:18:28' AS DateTime2), 1)
INSERT [Cofoundry].[ImageAssetTag] ([ImageAssetId], [TagId], [CreateDate], [CreatorId]) VALUES (2, 1, CAST(N'2018-10-18 09:23:22' AS DateTime2), 1)
INSERT [Cofoundry].[ImageAssetTag] ([ImageAssetId], [TagId], [CreateDate], [CreatorId]) VALUES (2, 3, CAST(N'2018-10-18 09:23:22' AS DateTime2), 1)
INSERT [Cofoundry].[ImageAssetTag] ([ImageAssetId], [TagId], [CreateDate], [CreatorId]) VALUES (3, 4, CAST(N'2018-10-18 09:23:42' AS DateTime2), 1)
INSERT [Cofoundry].[ImageAssetTag] ([ImageAssetId], [TagId], [CreateDate], [CreatorId]) VALUES (3, 5, CAST(N'2018-10-18 09:23:42' AS DateTime2), 1)
INSERT [Cofoundry].[ImageAssetTag] ([ImageAssetId], [TagId], [CreateDate], [CreatorId]) VALUES (4, 1, CAST(N'2018-10-18 09:26:45' AS DateTime2), 1)
INSERT [Cofoundry].[ImageAssetTag] ([ImageAssetId], [TagId], [CreateDate], [CreatorId]) VALUES (4, 6, CAST(N'2018-10-18 09:26:45' AS DateTime2), 1)
INSERT [Cofoundry].[ImageAssetTag] ([ImageAssetId], [TagId], [CreateDate], [CreatorId]) VALUES (5, 7, CAST(N'2018-10-19 09:44:39' AS DateTime2), 1)
GO


/* Update versioning lookup tables */

exec Cofoundry.CustomEntityPublishStatusQuery_Update @CustomEntityId = 1
exec Cofoundry.CustomEntityPublishStatusQuery_Update @CustomEntityId = 2
exec Cofoundry.CustomEntityPublishStatusQuery_Update @CustomEntityId = 3
exec Cofoundry.CustomEntityPublishStatusQuery_Update @CustomEntityId = 4
exec Cofoundry.CustomEntityPublishStatusQuery_Update @CustomEntityId = 5
exec Cofoundry.CustomEntityPublishStatusQuery_Update @CustomEntityId = 6
exec Cofoundry.CustomEntityPublishStatusQuery_Update @CustomEntityId = 7

exec Cofoundry.PagePublishStatusQuery_Update @PageId = 1
exec Cofoundry.PagePublishStatusQuery_Update @PageId = 2
exec Cofoundry.PagePublishStatusQuery_Update @PageId = 3
exec Cofoundry.PagePublishStatusQuery_Update @PageId = 4
exec Cofoundry.PagePublishStatusQuery_Update @PageId = 5